Date,Close,Volume,Open,High,Low,Foreign Buy,Foreign Sell,Foreign Value
21/03/2025,27.40,0,27.40,27.40,27.40,0,0,0
20/03/2025,27,"3,200",27.60,28,27,0,0,0
19/03/2025,24.80,200,29,29,24.80,0,0,0
18/03/2025,28.80,0,28.80,28.80,28.80,0,0,0
17/03/2025,28.80,0,28.80,28.80,28.80,0,0,0
14/03/2025,28.80,0,28.80,28.80,28.80,0,0,0
13/03/2025,29,600,30,30,28,0,0,0
12/03/2025,30,0,30,30,30,0,0,0
11/03/2025,30,500,30,30,30,0,0,0
10/03/2025,30,200,30,30,30,0,0,0
07/03/2025,30,200,30,30,30,0,0,0
06/03/2025,34,0,34,34,34,0,0,0
05/03/2025,34,0,34,34,34,0,0,0
04/03/2025,34,0,34,34,34,0,0,0
03/03/2025,34,0,34,34,34,0,0,0
28/02/2025,34,0,34,34,34,0,0,0
27/02/2025,34,100,34,34,34,0,0,0
26/02/2025,33,0,33,33,33,0,0,0
25/02/2025,33,0,33,33,33,0,0,0
24/02/2025,33,0,33,33,33,0,0,0
21/02/2025,33,0,33,33,33,0,0,0
20/02/2025,33,0,33,33,33,0,0,0
19/02/2025,33,0,33,33,33,0,0,0
18/02/2025,33,0,33,33,33,0,0,0
17/02/2025,33,0,33,33,33,0,0,0
14/02/2025,33,0,33,33,33,0,0,0
13/02/2025,33,0,33,33,33,0,0,0
12/02/2025,33,0,33,33,33,0,0,0
11/02/2025,33,1,33,33,33,0,0,0
10/02/2025,33,0,33,33,33,0,0,0
07/02/2025,33,0,33,33,33,0,0,0
06/02/2025,33,100,33,33,33,0,0,0
05/02/2025,31,0,31,31,31,0,0,0
04/02/2025,31,100,31,31,31,0,0,0
03/02/2025,27.20,100,27.20,27.20,27.20,0,0,0
24/01/2025,23.70,0,23.70,23.70,23.70,0,0,0
23/01/2025,29,600,22.60,29,22.60,0,0,0
22/01/2025,25.30,0,25.30,25.30,25.30,0,0,0
21/01/2025,25.30,100,25.30,25.30,25.30,0,0,0
20/01/2025,29,0,29,29,29,0,0,0
17/01/2025,29,0,29,29,29,0,0,0
16/01/2025,29,0,29,29,29,0,0,0
15/01/2025,29,0,29,29,29,0,0,0
14/01/2025,29,"1,000",29,29,29,0,0,0
13/01/2025,29,0,29,29,29,0,0,0
10/01/2025,29,0,29,29,29,0,0,0
09/01/2025,29,0,29,29,29,0,0,0
08/01/2025,29,0,29,29,29,0,0,0
07/01/2025,29,0,29,29,29,0,0,0
06/01/2025,29,0,29,29,29,0,0,0
03/01/2025,29,100,29,29,29,0,0,0
02/01/2025,28,100,28,28,28,0,0,0
31/12/2024,27.90,0,27.90,27.90,27.90,0,0,0
30/12/2024,27.60,400,28,28,27.60,0,0,0
27/12/2024,27.50,300,27.50,27.50,27.50,0,0,0
26/12/2024,27.50,0,27.50,27.50,27.50,0,0,0
25/12/2024,27.50,300,27.50,27.50,27.50,0,0,0
24/12/2024,27.50,200,27.40,27.50,27.40,0,0,0
23/12/2024,27.40,0,27.40,27.40,27.40,0,0,0
20/12/2024,27.40,0,27.40,27.40,27.40,0,0,0
19/12/2024,27.40,500,27.40,27.40,27.40,0,0,0
18/12/2024,27.50,500,27.30,27.50,27.30,0,0,0
17/12/2024,27.30,0,27.30,27.30,27.30,0,0,0
16/12/2024,27.30,200,27.30,27.30,27.30,0,0,0
13/12/2024,27.50,0,27.50,27.50,27.50,0,0,0
12/12/2024,27.50,0,27.50,27.50,27.50,0,0,0
11/12/2024,27.50,300,27.50,27.50,27.50,0,0,0
10/12/2024,28,1,28,28,28,0,0,0
09/12/2024,28,1,28,28,28,0,0,0
06/12/2024,28,100,28,28,28,0,0,0
05/12/2024,25.60,400,27.50,27.50,25.60,0,0,0
04/12/2024,27.10,0,27.10,27.10,27.10,0,0,0
03/12/2024,27.20,400,27,27.20,27,0,0,0
02/12/2024,26.50,100,26.50,26.50,26.50,0,0,0
29/11/2024,26.20,0,26.20,26.20,26.20,0,0,0
28/11/2024,26.80,200,25.60,26.80,25.60,0,0,0
27/11/2024,27.50,500,25.50,27.50,25.50,0,0,0
26/11/2024,27.70,0,27.70,27.70,27.70,0,0,0
25/11/2024,27.70,0,27.70,27.70,27.70,0,0,0
22/11/2024,27.50,300,28.20,28.20,27.50,0,0,0
21/11/2024,27,600,28,28,27,0,0,0
20/11/2024,29,0,29,29,29,0,0,0
19/11/2024,29,0,29,29,29,0,0,0
18/11/2024,29,100,29,29,29,0,0,0
15/11/2024,33.90,100,33.90,33.90,33.90,0,0,0
14/11/2024,29.90,0,29.90,29.90,29.90,0,0,0
13/11/2024,29.90,100,29.90,29.90,29.90,0,0,0
12/11/2024,27,600,27,27,27,0,0,0
11/11/2024,27,200,24.90,27,24.90,0,0,0
08/11/2024,26,0,26,26,26,0,0,0
07/11/2024,26,0,26,26,26,0,0,0
06/11/2024,26,0,26,26,26,0,0,0
05/11/2024,26,0,26,26,26,0,0,0
04/11/2024,26,0,26,26,26,0,0,0
01/11/2024,26,0,26,26,26,0,0,0
31/10/2024,26,0,26,26,26,0,0,0
30/10/2024,26,100,26,26,26,0,0,0
29/10/2024,26.50,100,26.50,26.50,26.50,0,0,0
28/10/2024,27,100,27,27,27,0,0,0
25/10/2024,25.60,0,25.60,25.60,25.60,0,0,0
24/10/2024,25.60,0,25.60,25.60,25.60,0,0,0
23/10/2024,25.60,0,25.60,25.60,25.60,0,0,0
22/10/2024,25.60,0,25.60,25.60,25.60,0,0,0
21/10/2024,25.60,0,25.60,25.60,25.60,0,0,0
18/10/2024,25.60,0,25.60,25.60,25.60,0,0,0
17/10/2024,25.60,0,25.60,25.60,25.60,0,0,0
16/10/2024,25.60,0,25.60,25.60,25.60,0,0,0
15/10/2024,25.60,0,25.60,25.60,25.60,0,0,0
14/10/2024,25.60,0,25.60,25.60,25.60,0,0,0
11/10/2024,25.60,0,25.60,25.60,25.60,0,0,0
10/10/2024,25.60,0,25.60,25.60,25.60,0,0,0
09/10/2024,25.60,100,25.60,25.60,25.60,0,0,0
08/10/2024,25.60,0,25.60,25.60,25.60,0,0,0
07/10/2024,25.60,0,25.60,25.60,25.60,0,0,0
04/10/2024,25.60,103,25.60,25.60,25.60,0,100,-0.0
03/10/2024,29,8,27.20,27.20,27.20,0,0,0
02/10/2024,29,200,25.30,29,25.30,0,100,-0.0
01/10/2024,28,"1,100",24.50,28,24.50,0,100,-0.0
30/09/2024,28,0,28,28,28,0,0,0
27/09/2024,28,400,28,28,28,0,0,0
26/09/2024,28,200,25.30,28,25.30,0,100,-0.0
25/09/2024,28,502,28,28,28,0,0,0
24/09/2024,28,200,25.10,28,25.10,0,100,-0.0
23/09/2024,30.50,300,26.10,30.50,26.10,0,100,-0.0
20/09/2024,26.60,100,26.60,26.60,26.60,0,0,0
19/09/2024,23.20,100,23.20,23.20,23.20,0,100,-0.0
18/09/2024,28.60,300,22.50,28.60,22.50,0,100,-0.0
17/09/2024,25.20,100,25.20,25.20,25.20,0,0,0
16/09/2024,22,0,22,22,22,0,0,0
13/09/2024,22,0,22,22,22,0,0,0
12/09/2024,22,100,22,22,22,0,100,-0.0
11/09/2024,25.40,200,25.50,25.50,25.40,0,0,0
10/09/2024,23.30,0,23.30,23.30,23.30,0,0,0
09/09/2024,23.30,0,23.30,23.30,23.30,0,0,0
06/09/2024,25,200,21.50,25,21.50,0,100,-0.0
05/09/2024,25,0,25,25,25,0,0,0
04/09/2024,25,100,25,25,25,0,0,0
30/08/2024,25,1,24.80,24.80,24.80,0,0,0
29/08/2024,24.80,0,24.80,24.80,24.80,0,0,0
28/08/2024,25,200,24.50,25,24.50,0,100,-0.0
27/08/2024,26.50,100,26.50,26.50,26.50,0,0,0
26/08/2024,24.70,0,24.70,24.70,24.70,0,0,0
23/08/2024,24.70,0,24.70,24.70,24.70,0,0,0
22/08/2024,24.70,1,24.70,24.70,24.70,0,0,0
21/08/2024,24.70,14,24.70,24.70,24.70,0,0,0
20/08/2024,24.70,0,24.70,24.70,24.70,0,0,0
19/08/2024,24.70,100,24.70,24.70,24.70,0,0,0
16/08/2024,24.70,0,24.70,24.70,24.70,0,0,0
15/08/2024,24.70,0,24.70,24.70,24.70,0,0,0
14/08/2024,24.70,0,24.70,24.70,24.70,0,0,0
13/08/2024,24.70,0,24.70,24.70,24.70,0,0,0
12/08/2024,24.70,14,24.70,24.70,24.70,0,0,0
09/08/2024,24.70,0,24.70,24.70,24.70,0,0,0
08/08/2024,24.70,400,24.70,24.70,24.70,0,0,0
07/08/2024: Cá» tá»©c tiá»n máº·t tá» lá»:  16.22%,,,,,,,,
07/08/2024,21.50,0,21.50,21.50,21.50,0,0,0
06/08/2024,21.48,100,21.48,21.48,21.48,0,100,-0.0
05/08/2024,24.27,200,24.36,24.36,24.27,0,0,0
02/08/2024,24.27,0,24.27,24.27,24.27,0,0,0
01/08/2024,24.27,0,24.27,24.27,24.27,0,0,0
31/07/2024,24.27,0,24.27,24.27,24.27,0,0,0
30/07/2024,24.27,100,24.27,24.27,24.27,0,100,-0.0
29/07/2024,27.89,100,27.89,27.89,27.89,0,0,0
26/07/2024,25.10,0,25.10,25.10,25.10,0,0,0
25/07/2024,25.10,0,25.10,25.10,25.10,0,0,0
24/07/2024,25.10,0,25.10,25.10,25.10,0,0,0
23/07/2024,25.10,0,25.10,25.10,25.10,0,0,0
22/07/2024,25.10,0,25.10,25.10,25.10,0,0,0
19/07/2024,25.10,0,25.10,25.10,25.10,0,0,0
18/07/2024,25.10,0,25.10,25.10,25.10,0,0,0
17/07/2024,25.10,0,25.10,25.10,25.10,0,0,0
16/07/2024,25.10,100,25.10,25.10,25.10,0,0,0
15/07/2024,24.27,0,24.27,24.27,24.27,0,0,0
12/07/2024,24.27,101,24.27,24.27,24.27,0,100,-0.0
11/07/2024,26.96,101,26.96,26.96,26.96,0,0,0
10/07/2024,24.27,100,24.27,24.27,24.27,0,100,-0.0
09/07/2024,26.03,400,26.78,26.78,26.03,0,0,0
08/07/2024,23.34,0,23.34,23.34,23.34,0,0,0
05/07/2024,23.34,0,23.34,23.34,23.34,0,0,0
04/07/2024,23.34,100,23.34,23.34,23.34,0,100,-0.0
03/07/2024,26.03,100,26.03,26.03,26.03,0,0,0
02/07/2024,23.34,100,23.34,23.34,23.34,0,100,-0.0
01/07/2024,26.13,"1,800",26.13,26.13,26.13,0,0,0
28/06/2024,22.78,0,22.78,22.78,22.78,0,0,0
27/06/2024,22.78,0,22.78,22.78,22.78,0,0,0
26/06/2024,22.78,0,22.78,22.78,22.78,0,0,0
25/06/2024,22.78,100,22.78,22.78,22.78,0,100,-0.0
24/06/2024,24.17,"1,000",24.17,24.17,24.17,0,0,0
21/06/2024,22.78,0,22.78,22.78,22.78,0,0,0
20/06/2024,22.78,0,22.78,22.78,22.78,0,0,0
19/06/2024,22.78,100,22.78,22.78,22.78,0,100,-0.0
18/06/2024,26.03,600,23.24,26.03,23.24,0,0,0
17/06/2024,22.87,0,22.87,22.87,22.87,0,0,0
14/06/2024,22.87,106,22.87,22.87,22.87,0,100,-0.0
13/06/2024,26.13,200,26.13,26.13,26.13,0,0,0
12/06/2024,22.78,100,22.78,22.78,22.78,0,100,-0.0
11/06/2024,26.96,300,22.78,26.96,22.78,0,100,-0.0
10/06/2024,28.45,300,22.31,28.45,22.31,0,100,-0.0
07/06/2024,26.03,"1,400",22.22,26.03,22.22,0,0,0
06/06/2024,26.13,0,26.13,26.13,26.13,0,0,0
05/06/2024,25.29,300,27.89,27.89,25.29,0,0,0
04/06/2024,25.20,900,21.94,28.92,21.94,0,900,-0.0
03/06/2024,27.34,410,20.92,27.34,20.92,0,200,-0.0
31/05/2024,23.80,"1,700",23.80,23.80,23.80,0,"1,500",-0.0
30/05/2024,20.92,0,20.92,20.92,20.92,0,0,0
29/05/2024,20.92,0,20.92,20.92,20.92,0,0,0
28/05/2024,20.92,0,20.92,20.92,20.92,0,0,0
27/05/2024,20.92,0,20.92,20.92,20.92,0,0,0
24/05/2024,20.92,100,20.92,20.92,20.92,0,100,-0.0
23/05/2024,22.31,100,22.31,22.31,22.31,100,0,0.0
22/05/2024,20.92,300,20.92,20.92,20.92,0,100,-0.0
21/05/2024,21.48,117,21.48,21.48,21.48,0,0,0
20/05/2024,18.69,0,18.69,18.69,18.69,0,0,0
17/05/2024,18.69,100,18.69,18.69,18.69,0,0,0
16/05/2024,20.55,100,20.55,20.55,20.55,0,100,-0.0
15/05/2024,23.43,0,23.43,23.43,23.43,0,0,0
14/05/2024,23.62,400,23.52,23.62,23.24,100,0,0.0
13/05/2024,20.55,100,20.55,20.55,20.55,0,100,-0.0
10/05/2024,23.52,200,23.24,23.52,23.24,0,0,0
09/05/2024,20.46,0,20.46,20.46,20.46,0,0,0
08/05/2024,20.46,100,20.46,20.46,20.46,0,100,-0.0
07/05/2024,23.24,300,20.46,23.24,20.46,0,100,-0.0
06/05/2024,21.76,0,21.76,21.76,21.76,0,0,0
03/05/2024,23.80,200,19.62,23.80,19.62,0,200,-0.0
02/05/2024,25.01,300,18.50,25.01,18.50,0,100,-0.0
26/04/2024,21.76,100,21.76,21.76,21.76,0,0,0
25/04/2024,18.97,0,18.97,18.97,18.97,0,0,0
24/04/2024,18.97,0,18.97,18.97,18.97,0,0,0
23/04/2024,18.97,0,18.97,18.97,18.97,0,0,0
22/04/2024,19.80,200,18.13,19.80,18.13,0,100,-0.0
19/04/2024,20.92,0,20.92,20.92,20.92,0,0,0
17/04/2024,20.92,0,20.92,20.92,20.92,0,0,0
16/04/2024,20.92,0,20.92,20.92,20.92,0,0,0
15/04/2024,20.92,0,20.92,20.92,20.92,0,0,0
12/04/2024,20.92,0,20.92,20.92,20.92,0,0,0
11/04/2024,20.92,0,20.92,20.92,20.92,0,0,0
10/04/2024,20.92,0,20.92,20.92,20.92,0,0,0
09/04/2024,20.92,0,20.92,20.92,20.92,0,0,0
08/04/2024,20.92,0,20.92,20.92,20.92,0,0,0
05/04/2024,20.92,0,20.92,20.92,20.92,0,0,0
04/04/2024,20.92,0,20.92,20.92,20.92,0,0,0
03/04/2024,20.92,0,20.92,20.92,20.92,0,0,0
02/04/2024,20.92,0,20.92,20.92,20.92,0,0,0
01/04/2024,20.92,0,20.92,20.92,20.92,0,0,0
29/03/2024,20.92,0,20.92,20.92,20.92,0,0,0
28/03/2024,20.92,0,20.92,20.92,20.92,0,0,0
27/03/2024,20.92,0,20.92,20.92,20.92,0,0,0
26/03/2024,20.92,0,20.92,20.92,20.92,0,0,0
25/03/2024,20.92,0,20.92,20.92,20.92,0,0,0
22/03/2024,20.92,100,20.92,20.92,20.92,0,0,0
21/03/2024,20.18,0,20.18,20.18,20.18,0,0,0
20/03/2024,20.18,0,20.18,20.18,20.18,0,0,0
19/03/2024,20.18,100,20.18,20.18,20.18,0,100,-0.0
18/03/2024,21.39,"1,000",21.39,21.39,21.39,0,0,0
15/03/2024,20.18,0,20.18,20.18,20.18,0,0,0
14/03/2024,20.18,0,20.18,20.18,20.18,0,0,0
13/03/2024,20.18,0,20.18,20.18,20.18,0,0,0
12/03/2024,20.18,0,20.18,20.18,20.18,0,0,0
11/03/2024,20.18,0,20.18,20.18,20.18,0,0,0
08/03/2024,20.18,0,20.18,20.18,20.18,0,0,0
07/03/2024,20.18,0,20.18,20.18,20.18,0,0,0
06/03/2024,20.18,0,20.18,20.18,20.18,0,0,0
05/03/2024,20.18,0,20.18,20.18,20.18,0,0,0
04/03/2024,20.18,100,20.18,20.18,20.18,0,100,-0.0
01/03/2024,20.46,0,20.46,20.46,20.46,0,0,0
29/02/2024,20.46,"1,000",20.46,20.46,20.46,0,"1,000",-0.0
28/02/2024,20.18,0,20.18,20.18,20.18,0,0,0
27/02/2024,20.18,0,20.18,20.18,20.18,0,0,0
26/02/2024,20.18,0,20.18,20.18,20.18,0,0,0
23/02/2024,20.27,"1,900",18.32,20.27,18.32,0,"1,900",-0.0
22/02/2024,21.39,0,21.39,21.39,21.39,0,0,0
21/02/2024,21.39,"4,000",21.39,21.39,21.39,0,"4,000",-0.1
20/02/2024,20.27,0,20.27,20.27,20.27,0,0,0
19/02/2024,20.27,0,20.27,20.27,20.27,0,0,0
16/02/2024,20.27,0,20.27,20.27,20.27,0,0,0
15/02/2024,20.27,0,20.27,20.27,20.27,0,0,0
07/02/2024,20.27,0,20.27,20.27,20.27,0,0,0
06/02/2024,20.27,0,20.27,20.27,20.27,0,0,0
05/02/2024,20.27,0,20.27,20.27,20.27,0,0,0
02/02/2024,20.27,0,20.27,20.27,20.27,0,0,0
01/02/2024,20.27,0,20.27,20.27,20.27,0,0,0
31/01/2024,20.27,0,20.27,20.27,20.27,0,0,0
30/01/2024,20.27,100,20.27,20.27,20.27,0,0,0
29/01/2024,17.67,0,17.67,17.67,17.67,0,0,0
26/01/2024,17.67,0,17.67,17.67,17.67,0,0,0
25/01/2024,17.67,0,17.67,17.67,17.67,0,0,0
24/01/2024,17.67,0,17.67,17.67,17.67,0,0,0
23/01/2024,17.67,100,17.67,17.67,17.67,0,0,0
22/01/2024,15.43,0,15.43,15.43,15.43,0,0,0
19/01/2024,15.43,0,15.43,15.43,15.43,0,0,0
18/01/2024,15.43,0,15.43,15.43,15.43,0,0,0
17/01/2024,15.43,0,15.43,15.43,15.43,0,0,0
16/01/2024,15.43,0,15.43,15.43,15.43,0,0,0
15/01/2024,15.43,0,15.43,15.43,15.43,0,0,0
12/01/2024,15.43,0,15.43,15.43,15.43,0,0,0
11/01/2024,15.43,0,15.43,15.43,15.43,0,0,0
10/01/2024,15.43,0,15.43,15.43,15.43,0,0,0
09/01/2024,15.43,0,15.43,15.43,15.43,0,0,0
08/01/2024,15.43,0,15.43,15.43,15.43,0,0,0
05/01/2024,15.43,0,15.43,15.43,15.43,0,0,0
04/01/2024,15.43,0,15.43,15.43,15.43,0,0,0
03/01/2024,15.43,0,15.43,15.43,15.43,0,0,0
02/01/2024,15.43,0,15.43,15.43,15.43,0,0,0
29/12/2023,15.43,0,15.43,15.43,15.43,0,0,0
28/12/2023,15.43,0,15.43,15.43,15.43,0,0,0
27/12/2023,15.43,0,15.43,15.43,15.43,0,0,0
26/12/2023,15.43,0,15.43,15.43,15.43,0,0,0
25/12/2023,15.43,0,15.43,15.43,15.43,0,0,0
22/12/2023,15.43,0,15.43,15.43,15.43,0,0,0
21/12/2023,15.43,0,15.43,15.43,15.43,0,0,0
20/12/2023,15.43,0,15.43,15.43,15.43,0,0,0
19/12/2023,15.43,0,15.43,15.43,15.43,0,0,0
18/12/2023,15.43,0,15.43,15.43,15.43,0,0,0
15/12/2023,15.43,0,15.43,15.43,15.43,0,0,0
14/12/2023,15.43,0,15.43,15.43,15.43,0,0,0
13/12/2023,15.43,100,15.43,15.43,15.43,100,100,0
12/12/2023,18.13,"1,000",18.13,18.13,18.13,0,0,0
11/12/2023,17.20,0,17.20,17.20,17.20,0,0,0
08/12/2023,17.20,0,17.20,17.20,17.20,0,0,0
07/12/2023,17.20,0,17.20,17.20,17.20,0,0,0
06/12/2023,17.20,0,17.20,17.20,17.20,0,0,0
05/12/2023,17.20,0,17.20,17.20,17.20,0,0,0
04/12/2023,17.20,0,17.20,17.20,17.20,0,0,0
01/12/2023,17.20,0,17.20,17.20,17.20,0,0,0
30/11/2023,17.20,0,17.20,17.20,17.20,0,0,0
29/11/2023,17.20,0,17.20,17.20,17.20,0,0,0
28/11/2023,17.20,0,17.20,17.20,17.20,0,0,0
27/11/2023,17.20,0,17.20,17.20,17.20,0,0,0
24/11/2023,17.20,0,17.20,17.20,17.20,0,0,0
23/11/2023,17.20,0,17.20,17.20,17.20,0,0,0
22/11/2023,17.20,0,17.20,17.20,17.20,0,0,0
21/11/2023,17.20,0,17.20,17.20,17.20,0,0,0
20/11/2023,17.20,0,17.20,17.20,17.20,0,0,0
17/11/2023,17.20,0,17.20,17.20,17.20,0,0,0
16/11/2023,17.20,0,17.20,17.20,17.20,0,0,0
15/11/2023,17.20,0,17.20,17.20,17.20,0,0,0
14/11/2023,17.20,0,17.20,17.20,17.20,0,0,0
13/11/2023,17.20,0,17.20,17.20,17.20,0,0,0
10/11/2023,17.20,0,17.20,17.20,17.20,0,0,0
09/11/2023,17.20,0,17.20,17.20,17.20,0,0,0
08/11/2023,17.20,0,17.20,17.20,17.20,0,0,0
07/11/2023,17.20,0,17.20,17.20,17.20,0,0,0
06/11/2023,17.20,0,17.20,17.20,17.20,0,0,0
03/11/2023,17.20,0,17.20,17.20,17.20,0,0,0
02/11/2023,17.20,0,17.20,17.20,17.20,0,0,0
01/11/2023,17.20,0,17.20,17.20,17.20,0,0,0
31/10/2023,17.20,0,17.20,17.20,17.20,0,0,0
30/10/2023,17.20,0,17.20,17.20,17.20,0,0,0
27/10/2023,17.20,0,17.20,17.20,17.20,0,0,0
26/10/2023,17.20,0,17.20,17.20,17.20,0,0,0
25/10/2023,17.20,0,17.20,17.20,17.20,0,0,0
24/10/2023,17.20,0,17.20,17.20,17.20,0,0,0
23/10/2023,17.20,0,17.20,17.20,17.20,0,0,0
20/10/2023,17.20,0,17.20,17.20,17.20,0,0,0
19/10/2023,17.20,0,17.20,17.20,17.20,0,0,0
18/10/2023,17.20,0,17.20,17.20,17.20,0,0,0
17/10/2023,17.20,0,17.20,17.20,17.20,0,0,0
16/10/2023,17.20,0,17.20,17.20,17.20,0,0,0
13/10/2023,17.20,0,17.20,17.20,17.20,0,0,0
12/10/2023,17.20,100,17.20,17.20,17.20,100,0,0.0
11/10/2023,16.83,0,16.83,16.83,16.83,0,0,0
10/10/2023,16.83,0,16.83,16.83,16.83,0,0,0
09/10/2023,16.83,0,16.83,16.83,16.83,0,0,0
06/10/2023,16.83,0,16.83,16.83,16.83,0,0,0
05/10/2023,16.83,0,16.83,16.83,16.83,0,0,0
04/10/2023,16.83,0,16.83,16.83,16.83,0,0,0
03/10/2023,16.83,0,16.83,16.83,16.83,0,0,0
02/10/2023,16.83,0,16.83,16.83,16.83,0,0,0
29/09/2023,16.83,100,16.83,16.83,16.83,0,0,0
28/09/2023,16.83,0,16.83,16.83,16.83,0,0,0
27/09/2023,16.83,0,16.83,16.83,16.83,0,0,0
26/09/2023,16.83,0,16.83,16.83,16.83,0,0,0
25/09/2023,16.83,200,16.83,16.83,16.83,200,0,0.0
22/09/2023,16.64,0,16.64,16.64,16.64,0,0,0
21/09/2023,16.64,0,16.64,16.64,16.64,0,0,0
20/09/2023,16.64,0,16.64,16.64,16.64,0,0,0
19/09/2023,16.64,0,16.64,16.64,16.64,0,0,0
18/09/2023,16.64,0,16.64,16.64,16.64,0,0,0
15/09/2023,16.64,0,16.64,16.64,16.64,0,0,0
14/09/2023,16.64,0,16.64,16.64,16.64,0,0,0
13/09/2023,16.64,0,16.64,16.64,16.64,0,0,0
12/09/2023,16.64,0,16.64,16.64,16.64,0,0,0
11/09/2023,16.64,0,16.64,16.64,16.64,0,0,0
08/09/2023,16.64,0,16.64,16.64,16.64,0,0,0
07/09/2023,16.64,0,16.64,16.64,16.64,0,0,0
06/09/2023: Cá» tá»©c tiá»n máº·t tá» lá»:  10%,,,,,,,,
06/09/2023,16.64,0,16.64,16.64,16.64,0,0,0
05/09/2023,16.64,0,16.64,16.64,16.64,0,0,0
31/08/2023,16.64,0,16.64,16.64,16.64,0,0,0
30/08/2023,16.64,0,16.64,16.64,16.64,0,0,0
29/08/2023,16.64,0,16.64,16.64,16.64,0,0,0
28/08/2023,16.64,0,16.64,16.64,16.64,0,0,0
25/08/2023,16.64,0,16.64,16.64,16.64,0,0,0
24/08/2023,16.64,0,16.64,16.64,16.64,0,0,0
23/08/2023,16.64,0,16.64,16.64,16.64,0,0,0
22/08/2023,16.64,0,16.64,16.64,16.64,0,0,0
21/08/2023,16.64,0,16.64,16.64,16.64,0,0,0
18/08/2023,16.64,0,16.64,16.64,16.64,0,0,0
17/08/2023,16.64,100,16.64,16.64,16.64,0,0,0
16/08/2023,14.53,0,14.53,14.53,14.53,0,0,0
15/08/2023,14.53,100,14.53,14.53,14.53,0,100,-0.0
14/08/2023,16.73,100,16.73,16.73,16.73,0,0,0
11/08/2023,14.62,0,14.62,14.62,14.62,0,0,0
10/08/2023,14.62,100,14.62,14.62,14.62,0,100,-0.0
09/08/2023,17.17,100,17.17,17.17,17.17,0,0,0
08/08/2023,14.97,0,14.97,14.97,14.97,0,0,0
07/08/2023,14.97,100,14.97,14.97,14.97,0,100,-0.0
04/08/2023,17.61,500,17.61,17.61,17.61,200,0,0.0
03/08/2023,16.03,0,16.03,16.03,16.03,0,0,0
02/08/2023,16.03,0,16.03,16.03,16.03,0,0,0
01/08/2023,16.03,0,16.03,16.03,16.03,0,0,0
31/07/2023,16.03,0,16.03,16.03,16.03,0,0,0
28/07/2023,16.03,0,16.03,16.03,16.03,0,0,0
27/07/2023,16.03,0,16.03,16.03,16.03,0,0,0
26/07/2023,16.03,0,16.03,16.03,16.03,0,0,0
25/07/2023,16.03,0,16.03,16.03,16.03,0,0,0
24/07/2023,16.03,0,16.03,16.03,16.03,0,0,0
21/07/2023,16.03,0,16.03,16.03,16.03,0,0,0
20/07/2023,16.03,0,16.03,16.03,16.03,0,0,0
19/07/2023,16.03,0,16.03,16.03,16.03,0,0,0
18/07/2023,16.03,0,16.03,16.03,16.03,0,0,0
17/07/2023,16.03,0,16.03,16.03,16.03,0,0,0
14/07/2023,16.03,0,16.03,16.03,16.03,0,0,0
13/07/2023,16.03,0,16.03,16.03,16.03,0,0,0
12/07/2023,16.03,0,16.03,16.03,16.03,0,0,0
11/07/2023,16.03,100,16.03,16.03,16.03,0,0,0
10/07/2023,14.27,0,14.27,14.27,14.27,0,0,0
07/07/2023,14.27,0,14.27,14.27,14.27,0,0,0
06/07/2023,14.27,0,14.27,14.27,14.27,0,0,0
05/07/2023,14.27,0,14.27,14.27,14.27,0,0,0
04/07/2023,14.27,0,14.27,14.27,14.27,0,0,0
03/07/2023,14.27,0,14.27,14.27,14.27,0,0,0
30/06/2023,14.27,100,14.27,14.27,14.27,100,100,0
29/06/2023,16.73,500,16.73,16.73,16.73,0,0,0
28/06/2023,16.03,0,16.03,16.03,16.03,0,0,0
27/06/2023,16.03,0,16.03,16.03,16.03,0,0,0
26/06/2023,16.03,1,16.03,16.03,16.03,0,0,0
23/06/2023,16.03,100,16.03,16.03,16.03,0,0,0
22/06/2023,15.94,0,15.94,15.94,15.94,0,0,0
21/06/2023,15.94,0,15.94,15.94,15.94,0,0,0
20/06/2023,15.94,0,15.94,15.94,15.94,0,0,0
19/06/2023,15.94,0,15.94,15.94,15.94,0,0,0
16/06/2023,15.94,0,15.94,15.94,15.94,0,0,0
15/06/2023,15.94,0,15.94,15.94,15.94,0,0,0
14/06/2023,15.94,0,15.94,15.94,15.94,0,0,0
13/06/2023,15.94,0,15.94,15.94,15.94,0,0,0
12/06/2023,15.94,0,15.94,15.94,15.94,0,0,0
09/06/2023,15.94,0,15.94,15.94,15.94,0,0,0
08/06/2023,15.94,0,15.94,15.94,15.94,0,0,0
07/06/2023,15.94,0,15.94,15.94,15.94,0,0,0
06/06/2023,15.94,0,15.94,15.94,15.94,0,0,0
05/06/2023,15.94,0,15.94,15.94,15.94,0,0,0
02/06/2023,15.94,0,15.94,15.94,15.94,0,0,0
01/06/2023,15.94,0,15.94,15.94,15.94,0,0,0
31/05/2023,15.94,100,15.94,15.94,15.94,100,0,0.0
30/05/2023,15.41,0,15.41,15.41,15.41,0,0,0
29/05/2023,15.41,0,15.41,15.41,15.41,0,0,0
26/05/2023,15.41,0,15.41,15.41,15.41,0,0,0
25/05/2023,15.41,0,15.41,15.41,15.41,0,0,0
24/05/2023,15.41,0,15.41,15.41,15.41,0,0,0
23/05/2023,15.41,0,15.41,15.41,15.41,0,0,0
22/05/2023,15.41,0,15.41,15.41,15.41,0,0,0
19/05/2023,15.41,0,15.41,15.41,15.41,0,0,0
18/05/2023,15.41,0,15.41,15.41,15.41,0,0,0
17/05/2023,15.41,0,15.41,15.41,15.41,0,0,0
16/05/2023,15.41,100,15.41,15.41,15.41,0,100,-0.0
15/05/2023,17.70,100,17.70,17.70,17.70,100,0,0.0
12/05/2023,15.41,0,15.41,15.41,15.41,0,0,0
11/05/2023,15.41,0,15.41,15.41,15.41,0,0,0
10/05/2023,15.41,0,15.41,15.41,15.41,0,0,0
09/05/2023,15.41,0,15.41,15.41,15.41,0,0,0
08/05/2023,15.41,0,15.41,15.41,15.41,0,0,0
05/05/2023,15.41,0,15.41,15.41,15.41,0,0,0
04/05/2023,15.41,0,15.41,15.41,15.41,0,0,0
28/04/2023,15.41,0,15.41,15.41,15.41,0,0,0
27/04/2023,15.41,0,15.41,15.41,15.41,0,0,0
26/04/2023,15.41,0,15.41,15.41,15.41,0,0,0
25/04/2023,15.41,100,15.41,15.41,15.41,0,100,-0.0
24/04/2023,17.70,100,17.70,17.70,17.70,0,0,0
21/04/2023,15.41,0,15.41,15.41,15.41,0,0,0
20/04/2023,15.41,0,15.41,15.41,15.41,0,0,0
19/04/2023,15.41,0,15.41,15.41,15.41,0,0,0
18/04/2023,15.41,0,15.41,15.41,15.41,0,0,0
17/04/2023,15.41,0,15.41,15.41,15.41,0,0,0
14/04/2023,15.41,0,15.41,15.41,15.41,0,0,0
13/04/2023,15.41,0,15.41,15.41,15.41,0,0,0
12/04/2023,15.41,0,15.41,15.41,15.41,0,0,0
11/04/2023,15.41,0,15.41,15.41,15.41,0,0,0
10/04/2023,15.41,0,15.41,15.41,15.41,0,0,0
07/04/2023,15.41,0,15.41,15.41,15.41,0,0,0
06/04/2023,15.41,100,15.41,15.41,15.41,0,0,0
05/04/2023,15.41,0,15.41,15.41,15.41,0,0,0
04/04/2023,15.41,0,15.41,15.41,15.41,0,0,0
03/04/2023,15.41,0,15.41,15.41,15.41,0,0,0
31/03/2023,15.41,0,15.41,15.41,15.41,0,0,0
30/03/2023,15.41,0,15.41,15.41,15.41,0,0,0
29/03/2023,15.41,100,15.41,15.41,15.41,0,100,-0.0
28/03/2023,18.05,0,18.05,18.05,18.05,0,0,0
27/03/2023,18.05,0,18.05,18.05,18.05,0,0,0
24/03/2023,18.05,0,18.05,18.05,18.05,0,0,0
23/03/2023,18.05,0,18.05,18.05,18.05,0,0,0
22/03/2023,18.05,0,18.05,18.05,18.05,0,0,0
21/03/2023,18.05,0,18.05,18.05,18.05,0,0,0
20/03/2023,18.05,0,18.05,18.05,18.05,0,0,0
17/03/2023,18.05,0,18.05,18.05,18.05,0,0,0
16/03/2023,18.05,0,18.05,18.05,18.05,0,0,0
15/03/2023,18.05,0,18.05,18.05,18.05,0,0,0
14/03/2023,18.05,0,18.05,18.05,18.05,0,0,0
13/03/2023,18.05,0,18.05,18.05,18.05,0,0,0
10/03/2023,18.05,0,18.05,18.05,18.05,0,0,0
09/03/2023,18.05,0,18.05,18.05,18.05,0,0,0
08/03/2023,18.05,0,18.05,18.05,18.05,0,0,0
07/03/2023,18.05,0,18.05,18.05,18.05,0,0,0
06/03/2023,18.05,0,18.05,18.05,18.05,0,0,0
03/03/2023,18.05,0,18.05,18.05,18.05,0,0,0
02/03/2023,18.05,0,18.05,18.05,18.05,0,0,0
01/03/2023,18.05,0,18.05,18.05,18.05,0,0,0
28/02/2023,18.05,0,18.05,18.05,18.05,0,0,0
27/02/2023,18.05,0,18.05,18.05,18.05,0,0,0
24/02/2023,18.05,0,18.05,18.05,18.05,0,0,0
23/02/2023,18.05,0,18.05,18.05,18.05,0,0,0
22/02/2023,18.05,0,18.05,18.05,18.05,0,0,0
21/02/2023,18.05,0,18.05,18.05,18.05,0,0,0
20/02/2023,18.05,0,18.05,18.05,18.05,0,0,0
17/02/2023,18.05,0,18.05,18.05,18.05,0,0,0
16/02/2023,18.05,0,18.05,18.05,18.05,0,0,0
15/02/2023,18.05,0,18.05,18.05,18.05,0,0,0
14/02/2023,18.05,0,18.05,18.05,18.05,0,0,0
13/02/2023,18.05,0,18.05,18.05,18.05,0,0,0
10/02/2023,18.05,0,18.05,18.05,18.05,0,0,0
09/02/2023,18.05,0,18.05,18.05,18.05,0,0,0
08/02/2023,18.05,0,18.05,18.05,18.05,0,0,0
07/02/2023,18.05,0,18.05,18.05,18.05,0,0,0
06/02/2023,18.05,0,18.05,18.05,18.05,0,0,0
03/02/2023,18.05,0,18.05,18.05,18.05,0,0,0
02/02/2023,18.05,0,18.05,18.05,18.05,0,0,0
01/02/2023,18.05,0,18.05,18.05,18.05,0,0,0
31/01/2023,18.05,0,18.05,18.05,18.05,0,0,0
30/01/2023,18.05,0,18.05,18.05,18.05,0,0,0
27/01/2023,18.05,0,18.05,18.05,18.05,0,0,0
19/01/2023,18.05,0,18.05,18.05,18.05,0,0,0
18/01/2023,18.05,0,18.05,18.05,18.05,0,0,0
17/01/2023,18.05,0,18.05,18.05,18.05,0,0,0
16/01/2023,18.05,0,18.05,18.05,18.05,0,0,0
13/01/2023,18.05,0,18.05,18.05,18.05,0,0,0
12/01/2023,18.05,0,18.05,18.05,18.05,0,0,0
11/01/2023,18.05,0,18.05,18.05,18.05,0,0,0
10/01/2023,18.05,0,18.05,18.05,18.05,0,0,0
09/01/2023,18.05,0,18.05,18.05,18.05,0,0,0
06/01/2023,18.05,0,18.05,18.05,18.05,0,0,0
05/01/2023,18.05,0,18.05,18.05,18.05,0,0,0
04/01/2023,18.05,0,18.05,18.05,18.05,0,0,0
03/01/2023,18.05,0,18.05,18.05,18.05,0,0,0
30/12/2022,18.05,0,18.05,18.05,18.05,0,0,0
29/12/2022,18.05,0,18.05,18.05,18.05,0,0,0
28/12/2022,18.05,0,18.05,18.05,18.05,0,0,0
27/12/2022,18.05,0,18.05,18.05,18.05,0,0,0
26/12/2022,18.05,0,18.05,18.05,18.05,0,0,0
23/12/2022,18.05,"5,300",18.05,18.05,18.05,"5,300","5,300",0
22/12/2022,18.05,"3,100",18.05,18.05,18.05,"3,100","3,100",0
21/12/2022,17.61,0,18.05,18.05,18.05,0,0,0
20/12/2022,18.05,0,18.05,18.05,18.05,0,0,0
19/12/2022,18.05,0,18.05,18.05,18.05,0,0,0
16/12/2022,18.05,0,18.05,18.05,18.05,0,0,0
15/12/2022,17.61,0,18.05,18.05,18.05,0,0,0
14/12/2022,18.05,0,18.05,18.05,18.05,0,0,0
13/12/2022,17.61,0,18.05,18.05,18.05,0,0,0
12/12/2022,18.05,0,18.05,18.05,18.05,0,0,0
09/12/2022,18.05,0,18.05,18.05,18.05,0,0,0
08/12/2022,18.05,0,18.05,18.05,18.05,0,0,0
07/12/2022,18.05,0,18.05,18.05,18.05,0,0,0
06/12/2022,17.61,0,18.05,18.05,18.05,0,0,0
05/12/2022,18.05,0,18.05,18.05,18.05,0,0,0
02/12/2022,18.05,0,18.05,18.05,18.05,0,0,0
01/12/2022,18.05,0,18.05,18.05,18.05,0,0,0
30/11/2022,17.61,0,18.05,18.05,18.05,0,0,0
29/11/2022,18.05,0,18.05,18.05,18.05,0,0,0
28/11/2022,18.05,0,18.05,18.05,18.05,0,0,0
25/11/2022,18.05,0,18.05,18.05,18.05,0,0,0
24/11/2022,18.05,0,18.05,18.05,18.05,0,0,0
23/11/2022,17.61,0,18.05,18.05,18.05,0,0,0
22/11/2022,18.05,0,18.05,18.05,18.05,0,0,0
21/11/2022,18.05,0,18.05,18.05,18.05,0,0,0
18/11/2022,18.05,0,18.05,18.05,18.05,0,0,0
17/11/2022,17.61,0,18.05,18.05,18.05,0,0,0
16/11/2022,18.05,0,18.05,18.05,18.05,0,0,0
15/11/2022,18.05,0,18.05,18.05,18.05,0,0,0
14/11/2022,17.61,"3,400",18.49,18.49,17.61,"3,400",0,0.1
11/11/2022,18.49,0,18.49,18.49,18.49,0,0,0
10/11/2022,18.49,0,18.49,18.49,18.49,0,0,0
09/11/2022,18.49,0,18.49,18.49,18.49,0,0,0
08/11/2022,18.49,1,18.49,18.49,18.49,0,0,0
07/11/2022,18.49,200,18.49,18.49,18.49,200,0,0.0
04/11/2022,18.49,0,18.49,18.49,18.49,0,0,0
03/11/2022,18.49,100,18.49,18.49,18.49,100,0,0.0
02/11/2022,20.25,0,20.25,20.25,20.25,0,0,0
01/11/2022,20.25,0,20.25,20.25,20.25,0,0,0
31/10/2022,20.25,0,20.25,20.25,20.25,0,0,0
28/10/2022,20.25,0,20.25,20.25,20.25,0,0,0
27/10/2022,20.25,0,20.25,20.25,20.25,0,0,0
26/10/2022,20.25,0,20.25,20.25,20.25,0,0,0
25/10/2022,20.25,0,20.25,20.25,20.25,0,0,0
24/10/2022,20.25,0,20.25,20.25,20.25,0,0,0
21/10/2022,20.25,0,20.25,20.25,20.25,0,0,0
20/10/2022,20.25,0,20.25,20.25,20.25,0,0,0
19/10/2022,20.25,0,20.25,20.25,20.25,0,0,0
18/10/2022,20.25,0,20.25,20.25,20.25,0,0,0
17/10/2022,20.25,0,20.25,20.25,20.25,0,0,0
14/10/2022,20.25,0,20.25,20.25,20.25,0,0,0
13/10/2022,20.25,0,20.25,20.25,20.25,0,0,0
12/10/2022,20.25,600,20.25,20.25,20.25,600,0,0.0
11/10/2022,20.25,"1,000",20.25,20.25,20.25,"1,000","1,000",0
10/10/2022,19.73,0,19.73,19.73,19.73,0,0,0
07/10/2022: Cá» tá»©c tiá»n máº·t tá» lá»:  6%,,,,,,,,
07/10/2022,19.73,0,19.73,19.73,19.73,0,0,0
06/10/2022,19.73,0,19.73,19.73,19.73,0,0,0
05/10/2022,19.73,0,19.73,19.73,19.73,0,0,0
04/10/2022,19.73,300,19.73,19.73,19.73,300,0,0.0
03/10/2022,19.98,0,19.98,19.98,19.98,0,0,0
30/09/2022,19.98,0,19.98,19.98,19.98,0,0,0
29/09/2022,19.98,0,19.98,19.98,19.98,0,0,0
28/09/2022,19.98,0,19.98,19.98,19.98,0,0,0
27/09/2022,19.98,0,19.98,19.98,19.98,0,0,0
26/09/2022,19.98,"1,800",19.98,19.98,19.98,"1,800",0,0.0
23/09/2022,20.07,0,20.07,20.07,20.07,0,0,0
22/09/2022,20.07,0,20.07,20.07,20.07,0,0,0
21/09/2022,20.07,0,20.07,20.07,20.07,0,0,0
20/09/2022,20.07,0,20.07,20.07,20.07,0,0,0
19/09/2022,20.07,0,20.07,20.07,20.07,0,0,0
16/09/2022,20.07,0,20.07,20.07,20.07,0,0,0
15/09/2022,20.07,0,20.07,20.07,20.07,0,0,0
14/09/2022,20.07,0,20.07,20.07,20.07,0,0,0
13/09/2022,20.07,0,20.07,20.07,20.07,0,0,0
12/09/2022,20.07,0,20.07,20.07,20.07,0,0,0
09/09/2022,20.07,0,20.07,20.07,20.07,0,0,0
08/09/2022,20.07,0,20.07,20.07,20.07,0,0,0
07/09/2022,20.07,0,20.07,20.07,20.07,0,0,0
06/09/2022,20.07,0,20.07,20.07,20.07,0,0,0
05/09/2022,20.07,0,20.07,20.07,20.07,0,0,0
31/08/2022,20.07,0,20.07,20.07,20.07,0,0,0
30/08/2022,20.07,0,20.07,20.07,20.07,0,0,0
29/08/2022,20.07,0,20.07,20.07,20.07,0,0,0
26/08/2022,20.07,0,20.07,20.07,20.07,0,0,0
25/08/2022,20.07,0,20.07,20.07,20.07,0,0,0
24/08/2022,19.98,"3,600",20.15,20.15,19.98,"3,600",0,0.1
23/08/2022,19.73,0,19.73,19.73,19.73,0,0,0
22/08/2022,19.73,0,19.73,19.73,19.73,0,0,0
19/08/2022,19.73,0,19.73,19.73,19.73,0,0,0
18/08/2022,19.73,0,19.73,19.73,19.73,0,0,0
17/08/2022,19.73,0,19.73,19.73,19.73,0,0,0
16/08/2022,19.73,0,19.73,19.73,19.73,0,0,0
15/08/2022,19.73,0,19.73,19.73,19.73,0,0,0
12/08/2022,19.73,0,19.73,19.73,19.73,0,0,0
11/08/2022,19.73,0,19.73,19.73,19.73,0,0,0
10/08/2022,19.73,0,19.73,19.73,19.73,0,0,0
09/08/2022,19.73,0,19.73,19.73,19.73,0,0,0
08/08/2022,19.73,0,19.73,19.73,19.73,0,0,0
05/08/2022,19.73,0,19.73,19.73,19.73,0,0,0
04/08/2022,19.73,0,19.73,19.73,19.73,0,0,0
03/08/2022,19.73,0,19.73,19.73,19.73,0,0,0
02/08/2022,19.73,0,19.73,19.73,19.73,0,0,0
01/08/2022,19.73,"1,700",19.73,19.73,19.73,"1,700",0,0.0
29/07/2022,20.75,0,20.75,20.75,20.75,0,0,0
28/07/2022,20.75,0,20.75,20.75,20.75,0,0,0
27/07/2022,20.75,0,20.75,20.75,20.75,0,0,0
26/07/2022,20.75,"2,400",20.75,20.75,20.75,"2,400",0,0.1
25/07/2022,20.75,0,20.75,20.75,20.75,0,0,0
22/07/2022,20.75,0,20.75,20.75,20.75,0,0,0
21/07/2022,20.75,0,20.75,20.75,20.75,0,0,0
20/07/2022,20.75,0,20.75,20.75,20.75,0,0,0
19/07/2022,20.75,0,20.75,20.75,20.75,0,0,0
18/07/2022,20.75,0,20.75,20.75,20.75,0,0,0
15/07/2022,20.75,0,20.75,20.75,20.75,0,0,0
14/07/2022,20.75,"1,000",20.75,20.75,20.75,"1,000",0,0.0
13/07/2022,21.44,0,21.44,21.44,21.44,0,0,0
12/07/2022,21.44,0,21.44,21.44,21.44,0,0,0
11/07/2022,21.44,0,21.44,21.44,21.44,0,0,0
08/07/2022,21.44,0,21.44,21.44,21.44,0,0,0
07/07/2022,21.44,0,21.44,21.44,21.44,0,0,0
06/07/2022,21.44,0,21.44,21.44,21.44,0,0,0
05/07/2022,21.44,0,21.44,21.44,21.44,0,0,0
04/07/2022,21.44,0,21.44,21.44,21.44,0,0,0
01/07/2022,21.44,0,21.44,21.44,21.44,0,0,0
30/06/2022,21.44,0,21.44,21.44,21.44,0,0,0
29/06/2022,21.44,0,21.44,21.44,21.44,0,0,0
28/06/2022,21.44,0,21.44,21.44,21.44,0,0,0
27/06/2022,21.44,0,21.44,21.44,21.44,0,0,0
24/06/2022,21.44,0,21.44,21.44,21.44,0,0,0
23/06/2022,21.44,0,21.44,21.44,21.44,0,0,0
22/06/2022,21.44,0,21.44,21.44,21.44,0,0,0
21/06/2022,21.44,0,21.44,21.44,21.44,0,0,0
20/06/2022,21.44,0,21.44,21.44,21.44,0,0,0
17/06/2022,21.44,0,21.44,21.44,21.44,0,0,0
16/06/2022,21.44,0,21.44,21.44,21.44,0,0,0
15/06/2022,21.44,"1,400",21.44,21.44,21.44,"1,400",0,0.0
14/06/2022,20.67,0,20.67,20.67,20.67,0,0,0
13/06/2022,20.67,0,20.67,20.67,20.67,0,0,0
10/06/2022,20.67,0,20.67,20.67,20.67,0,0,0
09/06/2022,20.67,0,20.67,20.67,20.67,0,0,0
08/06/2022,20.67,0,20.67,20.67,20.67,0,0,0
07/06/2022,20.67,0,20.67,20.67,20.67,0,0,0
06/06/2022,20.67,0,20.67,20.67,20.67,0,0,0
03/06/2022: Cá» tá»©c tiá»n máº·t tá» lá»:  9%,,,,,,,,
03/06/2022,20.67,0,20.67,20.67,20.67,0,0,0
02/06/2022,20.67,200,20.67,20.67,20.67,200,0,0.0
01/06/2022,23.73,0,23.73,23.73,23.73,0,0,0
31/05/2022,23.73,0,23.73,23.73,23.73,0,0,0
30/05/2022,23.73,100,23.73,23.73,23.73,0,0,0
27/05/2022,20.67,0,20.67,20.67,20.67,0,0,0
26/05/2022,20.67,0,20.67,20.67,20.67,0,0,0
25/05/2022,20.67,0,20.67,20.67,20.67,0,0,0
24/05/2022,20.67,0,20.67,20.67,20.67,0,0,0
23/05/2022,20.67,0,20.67,20.67,20.67,0,0,0
20/05/2022,20.67,0,20.67,20.67,20.67,0,0,0
19/05/2022,20.67,0,20.67,20.67,20.67,0,0,0
18/05/2022,20.67,0,20.67,20.67,20.67,0,0,0
17/05/2022,20.67,0,20.67,20.67,20.67,0,0,0
16/05/2022,20.67,200,20.67,20.67,20.67,200,0,0.0
13/05/2022,20.67,0,20.67,20.67,20.67,0,0,0
12/05/2022,20.67,0,20.67,20.67,20.67,0,0,0
11/05/2022,20.67,"1,700",20.67,20.67,20.67,"1,700",0,0.0
10/05/2022,20.67,"1,300",20.67,20.67,20.67,"1,300",0,0.0
09/05/2022,23.73,0,23.73,23.73,23.73,0,0,0
06/05/2022,23.73,0,23.73,23.73,23.73,0,0,0
05/05/2022,23.73,0,23.73,23.73,23.73,0,0,0
04/05/2022,23.73,300,23.73,23.73,23.73,0,0,0
29/04/2022,20.67,0,20.67,20.67,20.67,0,0,0
28/04/2022,20.67,0,20.67,20.67,20.67,0,0,0
27/04/2022,20.67,"1,600",20.67,20.67,20.67,"1,600",0,0.0
26/04/2022,20.67,100,20.67,20.67,20.67,0,0,0
25/04/2022,19.84,"3,600",20.67,20.67,19.84,"3,600",0,0.1
22/04/2022,23.15,0,23.15,23.15,23.15,0,0,0
21/04/2022,23.15,0,23.15,23.15,23.15,0,0,0
20/04/2022,23.15,0,23.15,23.15,23.15,0,0,0
19/04/2022,23.15,0,23.15,23.15,23.15,0,0,0
18/04/2022,23.15,0,23.15,23.15,23.15,0,0,0
15/04/2022,23.15,0,23.15,23.15,23.15,0,0,0
14/04/2022,23.15,0,23.15,23.15,23.15,0,0,0
13/04/2022,23.15,0,23.15,23.15,23.15,0,0,0
12/04/2022,23.15,0,23.15,23.15,23.15,0,0,0
08/04/2022,23.15,0,23.15,23.15,23.15,0,0,0
07/04/2022,23.15,0,23.15,23.15,23.15,0,0,0
06/04/2022,23.15,0,23.15,23.15,23.15,0,0,0
05/04/2022,23.15,0,23.15,23.15,23.15,0,0,0
04/04/2022,23.15,0,23.15,23.15,23.15,0,0,0
01/04/2022,23.15,0,23.15,23.15,23.15,0,0,0
31/03/2022,23.15,0,23.15,23.15,23.15,0,0,0
30/03/2022,23.15,0,23.15,23.15,23.15,0,0,0
29/03/2022,23.15,0,23.15,23.15,23.15,0,0,0
28/03/2022,23.15,0,23.15,23.15,23.15,0,0,0
25/03/2022,23.15,0,23.15,23.15,23.15,0,0,0
24/03/2022,23.15,0,23.15,23.15,23.15,0,0,0
23/03/2022,23.15,0,23.15,23.15,23.15,0,0,0
22/03/2022,23.15,0,23.15,23.15,23.15,0,0,0
21/03/2022,23.15,0,23.15,23.15,23.15,0,0,0
18/03/2022,23.15,0,23.15,23.15,23.15,0,0,0
17/03/2022,23.15,0,23.15,23.15,23.15,0,0,0
16/03/2022,23.15,0,23.15,23.15,23.15,0,0,0
15/03/2022,23.15,0,23.15,23.15,23.15,0,0,0
14/03/2022,23.15,0,23.15,23.15,23.15,0,0,0
11/03/2022,23.15,0,23.15,23.15,23.15,0,0,0
10/03/2022,23.15,0,23.15,23.15,23.15,0,0,0
09/03/2022,23.15,0,23.15,23.15,23.15,0,0,0
08/03/2022,23.15,0,23.15,23.15,23.15,0,0,0
07/03/2022,23.15,0,23.15,23.15,23.15,0,0,0
04/03/2022,23.15,0,23.15,23.15,23.15,0,0,0
03/03/2022,23.15,0,23.15,23.15,23.15,0,0,0
02/03/2022,23.15,0,23.15,23.15,23.15,0,0,0
01/03/2022,23.15,0,23.15,23.15,23.15,0,0,0
28/02/2022,23.15,0,23.15,23.15,23.15,0,0,0
25/02/2022,23.15,0,23.15,23.15,23.15,0,0,0
24/02/2022,23.15,0,23.15,23.15,23.15,0,0,0
23/02/2022,23.15,0,23.15,23.15,23.15,0,0,0
22/02/2022,23.15,0,23.15,23.15,23.15,0,0,0
21/02/2022,23.15,0,23.15,23.15,23.15,0,0,0
18/02/2022,23.15,0,23.15,23.15,23.15,0,0,0
17/02/2022,23.15,"1,000",23.15,23.15,23.15,"1,000",0,0.0
16/02/2022,24.80,"1,300",21.08,24.80,21.08,"1,300",0,0.0
15/02/2022,23.56,200,23.56,23.56,23.56,100,0,0.0
14/02/2022,27.70,0,27.70,27.70,27.70,0,0,0
11/02/2022,27.70,0,27.70,27.70,27.70,0,0,0
10/02/2022,27.70,0,27.70,27.70,27.70,0,0,0
09/02/2022,27.70,100,27.70,27.70,27.70,0,0,0
08/02/2022,19.84,0,19.84,19.84,19.84,0,0,0
07/02/2022,19.84,0,19.84,19.84,19.84,0,0,0
28/01/2022,19.84,0,19.84,19.84,19.84,0,0,0
27/01/2022,19.84,0,19.84,19.84,19.84,0,0,0
26/01/2022,19.84,0,19.84,19.84,19.84,0,0,0
25/01/2022,19.84,0,19.84,19.84,19.84,0,0,0
24/01/2022,19.84,0,19.84,19.84,19.84,0,0,0
21/01/2022,19.84,0,19.84,19.84,19.84,0,0,0
20/01/2022,19.84,0,19.84,19.84,19.84,0,0,0
19/01/2022,19.84,0,19.84,19.84,19.84,0,0,0
18/01/2022,19.84,0,19.84,19.84,19.84,0,0,0
17/01/2022,19.84,0,19.84,19.84,19.84,0,0,0
14/01/2022,19.84,0,19.84,19.84,19.84,0,0,0
13/01/2022,19.84,0,19.84,19.84,19.84,0,0,0
12/01/2022,19.84,0,19.84,19.84,19.84,0,0,0
11/01/2022,19.84,0,19.84,19.84,19.84,0,0,0
10/01/2022,19.84,0,19.84,19.84,19.84,0,0,0
07/01/2022,19.84,0,19.84,19.84,19.84,0,0,0
06/01/2022,19.84,0,19.84,19.84,19.84,0,0,0
05/01/2022,19.84,0,19.84,19.84,19.84,0,0,0
04/01/2022,19.84,0,19.84,19.84,19.84,0,0,0
31/12/2021,19.84,0,19.84,19.84,19.84,0,0,0
30/12/2021,19.84,0,19.84,19.84,19.84,0,0,0
29/12/2021,19.84,0,19.84,19.84,19.84,0,0,0
28/12/2021,7.61,0,7.61,7.61,7.61,0,0,0
27/12/2021,19.84,0,19.84,19.84,19.84,0,0,0
24/12/2021,19.84,"2,500",19.84,19.84,19.84,"2,500",0,0.1
23/12/2021,19.84,"4,600",21.08,21.08,19.84,"4,600",0,0.1
22/12/2021,19.68,200,22.49,22.49,19.68,100,0,0.0
21/12/2021,19.68,"10,900",19.68,19.68,19.68,"10,900",0,0.3
20/12/2021,19.68,0,19.68,19.68,19.68,0,0,0
17/12/2021,19.68,100,19.68,19.68,19.68,0,0,0
16/12/2021,18.68,"3,000",18.68,18.68,18.68,"2,500",0,0.1
15/12/2021,18.68,0,18.68,18.68,18.68,0,0,0
14/12/2021,18.60,200,18.68,18.68,18.60,100,0,0.0
13/12/2021,18.60,"1,600",18.60,18.60,18.60,"1,200",0,0.0
10/12/2021,18.60,600,18.60,18.60,18.60,0,0,0
09/12/2021,18.60,100,18.60,18.60,18.60,0,0,0
08/12/2021,18.60,"5,600",19.43,22.32,18.60,"5,400",0,0.1
07/12/2021,20.09,0,20.09,20.09,20.09,0,0,0
06/12/2021,20.09,0,20.09,20.09,20.09,0,0,0
03/12/2021,20.09,0,20.09,20.09,20.09,0,0,0
02/12/2021,19.84,600,20.17,20.17,19.84,0,0,0
01/12/2021,18.11,0,18.11,18.11,18.11,0,0,0
30/11/2021,18.11,600,18.11,18.11,18.11,0,0,0
29/11/2021,18.93,"2,000",15.63,18.93,15.63,0,0,0
26/11/2021,18.35,"1,500",18.35,18.35,18.35,0,0,0
25/11/2021,26.37,700,26.37,26.37,19.68,0,0,0
24/11/2021,23.07,100,23.07,23.07,23.07,0,0,0
23/11/2021,21.99,100,21.99,21.99,21.99,0,0,0
22/11/2021,19.26,100,19.26,19.26,19.26,0,0,0
19/11/2021,21.74,"1,100",19.02,21.74,19.02,0,0,0
18/11/2021,19.10,20,19.10,19.10,19.10,0,0,0
17/11/2021,19.10,0,19.10,19.10,19.10,0,0,0
16/11/2021,19.10,0,19.10,19.10,19.10,0,0,0
15/11/2021,19.10,0,19.10,19.10,19.10,0,0,0
12/11/2021,19.10,200,19.10,19.10,19.10,0,0,0
11/11/2021,19.02,0,19.02,19.02,19.02,0,0,0
10/11/2021,19.02,0,19.02,19.02,19.02,0,0,0
09/11/2021,19.02,800,18.93,19.02,18.93,0,0,0
08/11/2021,19.02,"2,000",16.12,19.02,16.12,0,0,0
05/11/2021,16.62,500,16.62,16.62,16.62,0,0,0
04/11/2021,14.63,"3,500",14.63,14.63,14.05,0,0,0
03/11/2021,12.73,"5,000",12.73,12.73,12.73,600,0,0.0
02/11/2021,9.09,0,9.09,9.09,9.09,0,0,0
01/11/2021,9.09,0,9.09,9.09,9.09,0,0,0
29/10/2021,9.09,0,9.09,9.09,9.09,0,0,0
28/10/2021,9.09,0,9.09,9.09,9.09,0,0,0
27/10/2021,9.09,0,9.09,9.09,9.09,0,0,0
26/10/2021,9.09,0,9.09,9.09,9.09,0,0,0
25/10/2021,9.09,0,9.09,9.09,9.09,0,0,0
22/10/2021,9.09,0,9.09,9.09,9.09,0,0,0
21/10/2021,9.09,0,9.09,9.09,9.09,0,0,0
20/10/2021,9.09,0,9.09,9.09,9.09,0,0,0
19/10/2021,9.09,0,9.09,9.09,9.09,0,0,0
18/10/2021,9.09,0,9.09,9.09,9.09,0,0,0
15/10/2021,9.09,0,9.09,9.09,9.09,0,0,0
14/10/2021,9.09,0,9.09,9.09,9.09,0,0,0
13/10/2021,9.09,0,9.09,9.09,9.09,0,0,0
12/10/2021,9.09,0,9.09,9.09,9.09,0,0,0
11/10/2021,9.09,0,9.09,9.09,9.09,0,0,0
08/10/2021,9.09,0,9.09,9.09,9.09,0,0,0
07/10/2021,9.09,0,9.09,9.09,9.09,0,0,0
06/10/2021,9.09,0,9.09,9.09,9.09,0,0,0
05/10/2021,9.09,0,9.09,9.09,9.09,0,0,0
04/10/2021,9.09,0,9.09,9.09,9.09,0,0,0
01/10/2021: Cá» tá»©c tiá»n máº·t tá» lá»:  5%,,,,,,,,
01/10/2021,9.09,0,9.09,9.09,9.09,0,0,0
30/09/2021,9.09,0,9.09,9.09,9.09,0,0,0
29/09/2021,9.09,0,9.09,9.09,9.09,0,0,0
28/09/2021,9.09,0,9.09,9.09,9.09,0,0,0
27/09/2021,9.09,0,9.09,9.09,9.09,0,0,0
24/09/2021,9.09,100,9.09,9.09,9.09,0,0,0
23/09/2021,13.84,0,13.84,13.84,13.84,0,0,0
22/09/2021,13.84,0,13.84,13.84,13.84,0,0,0
21/09/2021,13.84,0,13.84,13.84,13.84,0,0,0
20/09/2021,13.84,0,13.84,13.84,13.84,0,0,0
17/09/2021,13.84,0,13.84,13.84,13.84,0,0,0
16/09/2021,13.84,0,13.84,13.84,13.84,0,0,0
15/09/2021,13.84,0,13.84,13.84,13.84,0,0,0
14/09/2021,13.84,0,13.84,13.84,13.84,0,0,0
13/09/2021,13.84,0,13.84,13.84,13.84,0,0,0
10/09/2021,13.84,0,13.84,13.84,13.84,0,0,0
09/09/2021,13.84,0,13.84,13.84,13.84,0,0,0
08/09/2021,13.84,0,13.84,13.84,13.84,0,0,0
07/09/2021,13.84,0,13.84,13.84,13.84,0,0,0
06/09/2021,13.84,0,13.84,13.84,13.84,0,0,0
01/09/2021,13.84,0,13.84,13.84,13.84,0,0,0
31/08/2021,13.84,0,13.84,13.84,13.84,0,0,0
30/08/2021,13.84,0,13.84,13.84,13.84,0,0,0
27/08/2021,13.84,0,13.84,13.84,13.84,0,0,0
26/08/2021,13.84,0,13.84,13.84,13.84,0,0,0
25/08/2021,13.84,0,13.84,13.84,13.84,0,0,0
24/08/2021,13.84,0,13.84,13.84,13.84,0,0,0
23/08/2021,13.84,0,13.84,13.84,13.84,0,0,0
20/08/2021,13.84,0,13.84,13.84,13.84,0,0,0
19/08/2021,13.84,0,13.84,13.84,13.84,0,0,0
18/08/2021,13.84,0,13.84,13.84,13.84,0,0,0
17/08/2021,13.84,0,13.84,13.84,13.84,0,0,0
16/08/2021,13.84,0,13.84,13.84,13.84,0,0,0
13/08/2021,13.84,0,13.84,13.84,13.84,0,0,0
12/08/2021,13.84,0,13.84,13.84,13.84,0,0,0
11/08/2021,13.84,100,13.84,13.84,13.84,0,0,0
10/08/2021,13.44,0,13.44,13.44,13.44,0,0,0
09/08/2021,13.44,0,13.44,13.44,13.44,0,0,0
06/08/2021,13.44,0,13.44,13.44,13.44,0,0,0
05/08/2021,13.44,0,13.44,13.44,13.44,0,0,0
04/08/2021,13.44,0,13.44,13.44,13.44,0,0,0
03/08/2021,13.44,400,13.44,13.44,13.44,400,0,0.0
02/08/2021,13.29,0,13.29,13.29,13.29,0,0,0
30/07/2021,13.29,0,13.29,13.29,13.29,0,0,0
29/07/2021,13.29,0,13.29,13.29,13.29,0,0,0
28/07/2021,13.29,800,13.29,13.29,13.29,800,0,0.0
27/07/2021,13.84,0,13.84,13.84,13.84,0,0,0
26/07/2021,13.84,0,13.84,13.84,13.84,0,0,0
23/07/2021: Cá» tá»©c tiá»n máº·t tá» lá»:  10%,,,,,,,,
23/07/2021,13.84,0,13.84,13.84,13.84,0,0,0
22/07/2021,13.84,100,13.84,13.84,13.84,0,0,0
21/07/2021,12.34,0,12.34,12.34,12.34,0,0,0
20/07/2021,12.34,0,12.34,12.34,12.34,0,0,0
19/07/2021,12.34,0,12.34,12.34,12.34,0,0,0
16/07/2021,12.34,0,12.34,12.34,12.34,0,0,0
15/07/2021,12.34,0,12.34,12.34,12.34,0,0,0
14/07/2021,12.34,0,12.34,12.34,12.34,0,0,0
13/07/2021,12.34,100,12.34,12.34,12.34,0,0,0
12/07/2021,12.04,"1,000",12.04,12.04,12.04,"1,000",0,0.0
09/07/2021,12.34,"2,200",12.57,12.57,12.34,"1,200",0,0.0
08/07/2021,12.57,0,12.57,12.57,12.57,0,0,0
07/07/2021,12.57,"1,300",12.72,12.72,12.57,"1,200",0,0.0
06/07/2021,12.72,"2,400",12.94,12.94,12.72,"2,400",0,0.0
05/07/2021,12.94,0,12.94,12.94,12.94,0,0,0
02/07/2021,12.94,0,12.94,12.94,12.94,0,0,0
01/07/2021,12.94,0,12.94,12.94,12.94,0,0,0
30/06/2021,12.94,0,12.94,12.94,12.94,0,0,0
29/06/2021,12.94,0,12.94,12.94,12.94,0,0,0
28/06/2021,12.94,0,12.94,12.94,12.94,0,0,0
25/06/2021,12.94,0,12.94,12.94,12.94,0,0,0
24/06/2021,12.94,0,12.94,12.94,12.94,0,0,0
23/06/2021,12.94,0,12.94,12.94,12.94,0,0,0
22/06/2021,12.94,0,12.94,12.94,12.94,0,0,0
21/06/2021,12.94,0,12.94,12.94,12.94,0,0,0
18/06/2021,12.94,0,12.94,12.94,12.94,0,0,0
17/06/2021,12.94,0,12.94,12.94,12.94,0,0,0
16/06/2021,12.94,0,12.94,12.94,12.94,0,0,0
15/06/2021,12.94,0,12.94,12.94,12.94,0,0,0
14/06/2021,12.94,0,12.94,12.94,12.94,0,0,0
11/06/2021,12.94,0,12.94,12.94,12.94,0,0,0
10/06/2021,12.94,0,12.94,12.94,12.94,0,0,0
09/06/2021,12.94,0,12.94,12.94,12.94,0,0,0
08/06/2021,12.94,0,12.94,12.94,12.94,0,0,0
07/06/2021,12.94,0,12.94,12.94,12.94,0,0,0
04/06/2021,12.94,0,12.94,12.94,12.94,0,0,0
03/06/2021,12.94,0,12.94,12.94,12.94,0,0,0
02/06/2021,12.94,0,12.94,12.94,12.94,0,0,0
01/06/2021,12.94,0,12.94,12.94,12.94,0,0,0
31/05/2021,12.94,0,12.94,12.94,12.94,0,0,0
28/05/2021,12.94,0,12.94,12.94,12.94,0,0,0
27/05/2021,12.94,0,12.94,12.94,12.94,0,0,0
26/05/2021,12.94,0,12.94,12.94,12.94,0,0,0
25/05/2021,12.94,0,12.94,12.94,12.94,0,0,0
24/05/2021,12.94,0,12.94,12.94,12.94,0,0,0
21/05/2021,12.94,0,12.94,12.94,12.94,0,0,0
20/05/2021,12.94,0,12.94,12.94,12.94,0,0,0
19/05/2021,12.94,0,12.94,12.94,12.94,0,0,0
18/05/2021,12.94,0,12.94,12.94,12.94,0,0,0
17/05/2021,12.94,0,12.94,12.94,12.94,0,0,0
14/05/2021,12.94,0,12.94,12.94,12.94,0,0,0
13/05/2021,12.94,0,12.94,12.94,12.94,0,0,0
12/05/2021,12.94,0,12.94,12.94,12.94,0,0,0
11/05/2021,12.94,0,12.94,12.94,12.94,0,0,0
10/05/2021,12.94,0,12.94,12.94,12.94,0,0,0
07/05/2021,12.94,0,12.94,12.94,12.94,0,0,0
06/05/2021,12.94,0,12.94,12.94,12.94,0,0,0
05/05/2021,12.94,0,12.94,12.94,12.94,0,0,0
04/05/2021,12.94,0,12.94,12.94,12.94,0,0,0
29/04/2021,12.94,0,12.94,12.94,12.94,0,0,0
28/04/2021,12.94,0,12.94,12.94,12.94,0,0,0
27/04/2021,12.94,0,12.94,12.94,12.94,0,0,0
26/04/2021,12.94,0,12.94,12.94,12.94,0,0,0
23/04/2021,12.94,100,12.94,12.94,12.94,0,0,0
22/04/2021,12.94,0,12.94,12.94,12.94,0,0,0
20/04/2021,12.94,0,12.94,12.94,12.94,0,0,0
19/04/2021,12.94,0,12.94,12.94,12.94,0,0,0
16/04/2021,12.94,0,12.94,12.94,12.94,0,0,0
15/04/2021,12.94,0,12.94,12.94,12.94,0,0,0
14/04/2021,12.94,0,12.94,12.94,12.94,0,0,0
13/04/2021,12.94,400,12.94,12.94,12.94,0,0,0
12/04/2021,11.37,0,11.37,11.37,11.37,0,0,0
09/04/2021,11.37,0,11.37,11.37,11.37,0,0,0
08/04/2021,11.37,0,11.37,11.37,11.37,0,0,0
07/04/2021,11.37,0,11.37,11.37,11.37,0,0,0
06/04/2021,11.37,100,11.37,11.37,11.37,0,0,0
05/04/2021,13.32,0,13.32,13.32,13.32,0,0,0
02/04/2021,13.32,0,13.32,13.32,13.32,0,0,0
01/04/2021,13.32,0,13.32,13.32,13.32,0,0,0
31/03/2021,13.32,0,13.32,13.32,13.32,0,0,0
30/03/2021,13.32,0,13.32,13.32,13.32,0,0,0
29/03/2021,13.32,0,13.32,13.32,13.32,0,0,0
26/03/2021,13.32,0,13.32,13.32,13.32,0,0,0
25/03/2021,13.32,0,13.32,13.32,13.32,0,0,0
24/03/2021,13.32,0,13.32,13.32,13.32,0,0,0
23/03/2021,13.32,0,13.32,13.32,13.32,0,0,0
22/03/2021,13.32,0,13.32,13.32,13.32,0,0,0
19/03/2021,13.32,0,13.32,13.32,13.32,0,0,0
18/03/2021,13.32,0,13.32,13.32,13.32,0,0,0
17/03/2021,13.32,0,13.32,13.32,13.32,0,0,0
16/03/2021,13.32,0,13.32,13.32,13.32,0,0,0
15/03/2021,13.32,0,13.32,13.32,13.32,0,0,0
12/03/2021,13.32,500,13.32,13.32,13.32,0,0,0
11/03/2021,13.32,0,13.32,13.32,13.32,0,0,0
10/03/2021,13.32,0,13.32,13.32,13.32,0,0,0
09/03/2021,13.32,0,13.32,13.32,13.32,0,0,0
08/03/2021,13.32,0,13.32,13.32,13.32,0,0,0
05/03/2021,13.32,0,13.32,13.32,13.32,0,0,0
04/03/2021,13.32,0,13.32,13.32,13.32,0,0,0
03/03/2021,13.32,0,13.32,13.32,13.32,0,0,0
02/03/2021,13.32,0,13.32,13.32,13.32,0,0,0
01/03/2021,13.32,300,13.32,13.32,13.32,0,0,0
26/02/2021,13.46,0,13.46,13.46,13.46,0,0,0
25/02/2021,13.46,0,13.46,13.46,13.46,0,0,0
24/02/2021,13.46,0,13.46,13.46,13.46,0,0,0
23/02/2021,13.46,0,13.46,13.46,13.46,0,0,0
22/02/2021,13.46,0,13.46,13.46,13.46,0,0,0
19/02/2021,13.46,0,13.46,13.46,13.46,0,0,0
18/02/2021,13.46,0,13.46,13.46,13.46,0,0,0
17/02/2021,13.46,0,13.46,13.46,13.46,0,0,0
09/02/2021,13.46,0,13.46,13.46,13.46,0,0,0
08/02/2021,13.46,0,13.46,13.46,13.46,0,0,0
05/02/2021,13.46,0,13.46,13.46,13.46,0,0,0
04/02/2021,13.46,0,13.46,13.46,13.46,0,0,0
03/02/2021,13.46,0,13.46,13.46,13.46,0,0,0
02/02/2021,13.46,700,13.46,13.46,13.46,0,0,0
01/02/2021,13.46,0,13.46,13.46,13.46,0,0,0
29/01/2021,13.46,100,13.46,13.46,13.46,0,0,0
28/01/2021,12.72,0,12.72,12.72,12.72,0,0,0
27/01/2021,12.72,0,12.72,12.72,12.72,0,0,0
26/01/2021,12.72,0,12.72,12.72,12.72,0,0,0
25/01/2021,12.72,"2,600",12.72,12.72,12.72,0,0,0
22/01/2021,12.72,0,12.72,12.72,12.72,0,0,0
21/01/2021,12.72,0,12.72,12.72,12.72,0,0,0
20/01/2021,12.72,0,12.72,12.72,12.72,0,0,0
19/01/2021,12.72,0,12.72,12.72,12.72,0,0,0
18/01/2021,12.72,"2,400",12.72,12.72,12.72,0,0,0
15/01/2021,11.22,0,11.22,11.22,11.22,0,0,0
14/01/2021,11.22,0,11.22,11.22,11.22,0,0,0
13/01/2021,11.22,0,11.22,11.22,11.22,0,0,0
12/01/2021,11.22,0,11.22,11.22,11.22,0,0,0
11/01/2021,11.22,0,11.22,11.22,11.22,0,0,0
08/01/2021,11.22,0,11.22,11.22,11.22,0,0,0
07/01/2021,11.22,0,11.22,11.22,11.22,0,0,0
06/01/2021,11.22,0,11.22,11.22,11.22,0,0,0
05/01/2021,11.22,0,11.22,11.22,11.22,0,0,0
04/01/2021,11.22,200,11.22,11.22,11.22,0,0,0
31/12/2020,11.37,0,11.37,11.37,11.37,0,0,0
30/12/2020,11.37,0,11.37,11.37,11.37,0,0,0
29/12/2020,11.37,0,11.37,11.37,11.37,0,0,0
28/12/2020,11.37,0,11.37,11.37,11.37,0,0,0
25/12/2020,11.37,0,11.37,11.37,11.37,0,0,0
24/12/2020,11.37,0,11.37,11.37,11.37,0,0,0
23/12/2020,11.37,0,11.37,11.37,11.37,0,0,0
22/12/2020,11.37,0,11.37,11.37,11.37,0,0,0
21/12/2020,11.37,0,11.37,11.37,11.37,0,0,0
18/12/2020,11.37,0,11.37,11.37,11.37,0,0,0
17/12/2020,11.37,0,11.37,11.37,11.37,0,0,0
16/12/2020,11.37,0,11.37,11.37,11.37,0,0,0
15/12/2020,11.37,0,11.37,11.37,11.37,0,0,0
14/12/2020,11.37,0,11.37,11.37,11.37,0,0,0
11/12/2020,11.37,0,11.37,11.37,11.37,0,0,0
10/12/2020,11.37,0,11.37,11.37,11.37,0,0,0
09/12/2020,11.37,0,11.37,11.37,11.37,0,0,0
08/12/2020,11.37,0,11.37,11.37,11.37,0,0,0
07/12/2020,11.37,0,11.37,11.37,11.37,0,0,0
04/12/2020,11.37,0,11.37,11.37,11.37,0,0,0
03/12/2020,11.37,100,11.37,11.37,11.37,0,0,0
02/12/2020,11.37,"1,100",11.37,11.37,11.37,0,0,0
01/12/2020,11.37,100,11.37,11.37,11.37,0,0,0
30/11/2020,11.37,0,11.37,11.37,11.37,0,0,0
27/11/2020,11.37,0,11.37,11.37,11.37,0,0,0
26/11/2020,11.37,900,11.37,11.37,11.37,0,0,0
25/11/2020,11.37,20,11.37,11.37,11.37,0,0,0
24/11/2020,11.37,0,11.37,11.37,11.37,0,0,0
23/11/2020,11.37,0,11.37,11.37,11.37,0,0,0
20/11/2020,11.37,100,11.37,11.37,11.37,0,0,0
19/11/2020,11.37,0,11.37,11.37,11.37,0,0,0
18/11/2020,11.37,0,11.37,11.37,11.37,0,0,0
17/11/2020,11.37,0,11.37,11.37,11.37,0,0,0
16/11/2020,11.37,0,11.37,11.37,11.37,0,0,0
13/11/2020,11.37,0,11.37,11.37,11.37,0,0,0
12/11/2020,11.37,0,11.37,11.37,11.37,0,0,0
11/11/2020,11.37,0,11.37,11.37,11.37,0,0,0
10/11/2020,11.37,0,11.37,11.37,11.37,0,0,0
09/11/2020,11.37,0,11.37,11.37,11.37,0,0,0
06/11/2020,11.37,"7,600",11.37,11.37,11.37,0,0,0
05/11/2020,11.37,200,11.37,11.37,11.37,0,0,0
04/11/2020,11.37,0,11.37,11.37,11.37,0,0,0
03/11/2020,11.37,"1,900",11.37,11.37,11.37,0,0,0
02/11/2020,11.22,0,11.22,11.22,11.22,0,0,0
30/10/2020,11.22,0,11.22,11.22,11.22,0,0,0
29/10/2020,11.22,0,11.22,11.22,11.22,0,0,0
28/10/2020,11.22,0,11.22,11.22,11.22,0,0,0
27/10/2020,11.22,0,11.22,11.22,11.22,0,0,0
26/10/2020,11.22,0,11.22,11.22,11.22,0,0,0
23/10/2020,11.22,0,11.22,11.22,11.22,0,0,0
22/10/2020,11.22,0,11.22,11.22,11.22,0,0,0
21/10/2020,11.22,0,11.22,11.22,11.22,0,0,0
20/10/2020,11.22,0,11.22,11.22,11.22,0,0,0
19/10/2020,11.22,0,11.22,11.22,11.22,0,0,0
16/10/2020,11.22,0,11.22,11.22,11.22,0,0,0
15/10/2020,11.22,0,11.22,11.22,11.22,0,0,0
14/10/2020,11.22,0,11.22,11.22,11.22,0,0,0
13/10/2020,11.22,0,11.22,11.22,11.22,0,0,0
12/10/2020,11.22,0,11.22,11.22,11.22,0,0,0
09/10/2020,11.22,0,11.22,11.22,11.22,0,0,0
08/10/2020,11.22,0,11.22,11.22,11.22,0,0,0
07/10/2020,11.22,0,11.22,11.22,11.22,0,0,0
06/10/2020,11.22,0,11.22,11.22,11.22,0,0,0
05/10/2020,11.22,0,11.22,11.22,11.22,0,0,0
02/10/2020,11.22,200,11.22,11.22,11.22,0,0,0
01/10/2020,11.22,10,11.22,11.22,11.22,0,0,0
30/09/2020,11.22,"5,900",11.22,11.22,11.22,0,0,0
29/09/2020,11.22,10,11.22,11.22,11.22,0,0,0
28/09/2020,11.22,0,11.22,11.22,11.22,0,0,0
25/09/2020,11.22,700,11.22,11.22,11.22,0,0,0
24/09/2020,10.92,0,10.92,10.92,10.92,0,0,0
23/09/2020,10.92,0,10.92,10.92,10.92,0,0,0
22/09/2020,10.92,0,10.92,10.92,10.92,0,0,0
21/09/2020,10.92,0,10.92,10.92,10.92,0,0,0
18/09/2020,10.92,0,10.92,10.92,10.92,0,0,0
17/09/2020,10.92,0,10.92,10.92,10.92,0,0,0
16/09/2020,10.92,0,10.92,10.92,10.92,0,0,0
15/09/2020,10.92,0,10.92,10.92,10.92,0,0,0
14/09/2020,10.92,0,10.92,10.92,10.92,0,0,0
11/09/2020,10.92,0,10.92,10.92,10.92,0,0,0
10/09/2020,10.92,0,10.92,10.92,10.92,0,0,0
09/09/2020,10.92,0,10.92,10.92,10.92,0,0,0
08/09/2020,10.92,0,10.92,10.92,10.92,0,0,0
07/09/2020,10.92,0,10.92,10.92,10.92,0,0,0
04/09/2020,10.92,0,10.92,10.92,10.92,0,0,0
03/09/2020,10.92,0,10.92,10.92,10.92,0,0,0
01/09/2020,10.92,100,10.92,10.92,10.92,0,0,0
31/08/2020,9.50,0,9.50,9.50,9.50,0,0,0
28/08/2020,9.50,0,9.50,9.50,9.50,0,0,0
27/08/2020,9.50,100,9.50,9.50,9.50,0,100,-0.0
26/08/2020,11.15,120,11.15,11.15,11.15,0,0,0
25/08/2020,9.72,0,9.72,9.72,9.72,0,0,0
24/08/2020,9.72,0,9.72,9.72,9.72,0,0,0
21/08/2020,9.72,0,9.72,9.72,9.72,0,0,0
20/08/2020,9.72,0,9.72,9.72,9.72,0,0,0
19/08/2020,9.72,0,9.72,9.72,9.72,0,0,0
18/08/2020,10.47,220,8.90,10.47,8.90,0,100,-0.0
17/08/2020,10.47,0,10.47,10.47,10.47,0,0,0
14/08/2020,10.47,"2,000",10.47,10.47,10.47,0,0,0
13/08/2020,9.80,"1,400",10.47,10.47,9.80,0,0,0
12/08/2020,9.72,100,9.72,9.72,9.72,0,100,-0.0
11/08/2020,11.37,100,11.37,11.37,11.37,0,0,0
10/08/2020,9.95,0,9.95,9.95,9.95,0,0,0
07/08/2020,9.95,0,9.95,9.95,9.95,0,0,0
06/08/2020,9.95,0,9.95,9.95,9.95,0,0,0
05/08/2020,9.95,100,9.95,9.95,9.95,0,100,-0.0
04/08/2020,11.67,0,11.67,11.67,11.67,0,0,0
03/08/2020,11.67,0,11.67,11.67,11.67,0,0,0
31/07/2020,11.67,0,11.67,11.67,11.67,0,0,0
30/07/2020,11.59,"66,200",11.59,11.67,11.59,"5,000",0,0.1
29/07/2020,11.59,0,11.59,11.59,11.59,0,0,0
28/07/2020,11.59,0,11.59,11.59,11.59,0,0,0
27/07/2020,11.59,0,11.59,11.59,11.59,0,0,0
24/07/2020,11.59,0,11.59,11.59,11.59,0,0,0
23/07/2020,11.59,0,11.59,11.59,11.59,0,0,0
22/07/2020,11.59,0,11.59,11.59,11.59,0,0,0
21/07/2020,11.59,0,11.59,11.59,11.59,0,0,0
20/07/2020,11.59,0,11.59,11.59,11.59,0,0,0
17/07/2020,11.59,0,11.59,11.59,11.59,0,0,0
16/07/2020,11.59,0,11.59,11.59,11.59,0,0,0
15/07/2020,11.59,0,11.59,11.59,11.59,0,0,0
14/07/2020,11.59,300,11.59,11.59,11.59,0,0,0
13/07/2020,11.59,100,11.59,11.59,11.59,0,0,0
10/07/2020,11.59,0,11.59,11.59,11.59,0,0,0
09/07/2020,11.59,0,11.59,11.59,11.59,0,0,0
08/07/2020,11.59,0,11.59,11.59,11.59,0,0,0
07/07/2020,11.59,200,11.59,11.59,9.87,0,0,0
06/07/2020,11.59,0,11.59,11.59,11.59,0,0,0
03/07/2020,11.59,0,11.59,11.59,11.59,0,0,0
02/07/2020,11.59,0,11.59,11.59,11.59,0,0,0
01/07/2020,11.59,0,11.59,11.59,11.59,0,0,0
30/06/2020,11.59,0,11.59,11.59,11.59,0,0,0
29/06/2020,11.59,0,11.59,11.59,11.59,0,0,0
26/06/2020,11.59,0,11.59,11.59,11.59,0,0,0
25/06/2020,11.59,0,11.59,11.59,11.59,0,0,0
24/06/2020,11.59,0,11.59,11.59,11.59,0,0,0
23/06/2020,11.59,0,11.59,11.59,11.59,0,0,0
22/06/2020,11.59,0,11.59,11.59,11.59,0,0,0
19/06/2020,11.59,0,11.59,11.59,11.59,0,0,0
18/06/2020,11.59,0,11.59,11.59,11.59,0,0,0
17/06/2020,11.59,0,11.59,11.59,11.59,0,0,0
16/06/2020,11.59,0,11.59,11.59,11.59,0,0,0
15/06/2020,11.59,0,11.59,11.59,11.59,0,0,0
12/06/2020,11.59,0,11.59,11.59,11.59,0,0,0
11/06/2020: Cá» tá»©c tiá»n máº·t tá» lá»:  8%,,,,,,,,
11/06/2020,11.59,100,11.59,11.59,11.59,0,0,0
10/06/2020,11.00,0,11.00,11.00,11.00,0,0,0
09/06/2020,11.00,0,11.00,11.00,11.00,0,0,0
08/06/2020,11.00,100,11.00,11.00,11.00,0,0,0
05/06/2020,11.00,0,11.00,11.00,11.00,0,0,0
04/06/2020,11.00,0,11.00,11.00,11.00,0,0,0
03/06/2020,11.00,0,11.00,11.00,11.00,0,0,0
02/06/2020,11.00,0,11.00,11.00,11.00,0,0,0
01/06/2020,11.00,0,11.00,11.00,11.00,0,0,0
29/05/2020,11.00,0,11.00,11.00,11.00,0,0,0
28/05/2020,11.00,0,11.00,11.00,11.00,0,0,0
27/05/2020,11.00,0,11.00,11.00,11.00,0,0,0
26/05/2020,11.00,0,11.00,11.00,11.00,0,0,0
25/05/2020,11.00,100,11.00,11.00,11.00,0,0,0
22/05/2020,11.00,0,11.00,11.00,11.00,0,0,0
21/05/2020,11.00,"2,900",11.00,11.00,11.00,0,0,0
20/05/2020,11.00,0,11.00,11.00,11.00,0,0,0
19/05/2020,11.00,0,11.00,11.00,11.00,0,0,0
18/05/2020,11.00,0,11.00,11.00,11.00,0,0,0
15/05/2020,11.00,0,11.00,11.00,11.00,0,0,0
14/05/2020,11.00,"2,000",11.00,11.00,11.00,0,0,0
13/05/2020,9.58,0,9.58,9.58,9.58,0,0,0
12/05/2020,9.58,"1,500",9.58,9.58,9.58,0,0,0
11/05/2020,9.58,0,9.58,9.58,9.58,0,0,0
08/05/2020,9.58,800,9.58,9.58,9.58,0,0,0
07/05/2020,9.58,"1,200",9.58,9.58,9.58,0,0,0
06/05/2020,9.58,100,9.58,9.58,9.58,0,0,0
05/05/2020,8.87,0,8.87,8.87,8.87,0,0,0
04/05/2020,8.87,"5,500",8.87,8.87,8.87,0,0,0
29/04/2020,9.79,0,9.79,9.79,9.79,0,0,0
28/04/2020,9.79,200,9.79,9.79,9.79,0,0,0
27/04/2020,8.51,100,8.51,8.51,8.51,0,0,0
24/04/2020,8.16,0,8.16,8.16,8.16,0,0,0
23/04/2020,8.16,0,8.16,8.16,8.16,0,0,0
22/04/2020,8.16,100,8.16,8.16,8.16,0,0,0
21/04/2020,9.58,0,9.58,9.58,9.58,0,0,0
20/04/2020,9.58,"1,100",9.58,9.58,9.58,0,0,0
17/04/2020,9.08,0,9.08,9.08,9.08,0,0,0
16/04/2020,9.08,300,9.08,9.08,9.08,0,0,0
15/04/2020,9.58,0,9.58,9.58,9.58,0,0,0
14/04/2020,9.58,0,9.58,9.58,9.58,0,0,0
13/04/2020,9.58,0,9.58,9.58,9.58,0,0,0
10/04/2020,9.58,100,9.58,9.58,9.58,0,0,0
09/04/2020,7.17,0,7.17,7.17,7.17,0,0,0
08/04/2020,7.17,0,7.17,7.17,7.17,0,0,0
07/04/2020,7.17,0,7.17,7.17,7.17,0,0,0
06/04/2020,7.17,0,7.17,7.17,7.17,0,0,0
03/04/2020,7.17,0,7.17,7.17,7.17,0,0,0
01/04/2020,7.17,0,7.17,7.17,7.17,0,0,0
31/03/2020,7.17,0,7.17,7.17,7.17,0,0,0
30/03/2020,7.17,0,7.17,7.17,7.17,0,0,0
27/03/2020,7.17,0,7.17,7.17,7.17,0,0,0
26/03/2020,7.17,0,7.17,7.17,7.17,0,0,0
25/03/2020,7.17,0,7.17,7.17,7.17,0,0,0
24/03/2020,7.17,0,7.17,7.17,7.17,0,0,0
23/03/2020,7.17,0,7.17,7.17,7.17,0,0,0
20/03/2020,7.17,0,7.17,7.17,7.17,0,0,0
19/03/2020,7.17,0,7.17,7.17,7.17,0,0,0
18/03/2020,7.17,0,7.17,7.17,7.17,0,0,0
17/03/2020,7.17,0,7.17,7.17,7.17,0,0,0
16/03/2020,7.17,0,7.17,7.17,7.17,0,0,0
13/03/2020,7.17,0,7.17,7.17,7.17,0,0,0
12/03/2020,7.17,0,7.17,7.17,7.17,0,0,0
11/03/2020,7.17,0,7.17,7.17,7.17,0,0,0
10/03/2020,7.17,0,7.17,7.17,7.17,0,0,0
09/03/2020,7.17,0,7.17,7.17,7.17,0,0,0
06/03/2020,7.17,0,7.17,7.17,7.17,0,0,0
05/03/2020,7.17,0,7.17,7.17,7.17,0,0,0
04/03/2020,7.17,0,7.17,7.17,7.17,0,0,0
03/03/2020,7.17,0,7.17,7.17,7.17,0,0,0
02/03/2020,7.17,0,7.17,7.17,7.17,0,0,0
28/02/2020,7.17,0,7.17,7.17,7.17,0,0,0
27/02/2020,7.17,0,7.17,7.17,7.17,0,0,0
26/02/2020,7.17,0,7.17,7.17,7.17,0,0,0
25/02/2020,7.17,0,7.17,7.17,7.17,0,0,0
24/02/2020,7.17,0,7.17,7.17,7.17,0,0,0
21/02/2020,7.17,0,7.17,7.17,7.17,0,0,0
20/02/2020,7.17,0,7.17,7.17,7.17,0,0,0
19/02/2020,7.17,0,7.17,7.17,7.17,0,0,0
18/02/2020,7.17,0,7.17,7.17,7.17,0,0,0
17/02/2020,7.17,0,7.17,7.17,7.17,0,0,0
14/02/2020,7.17,0,7.17,7.17,7.17,0,0,0
13/02/2020,7.17,0,7.17,7.17,7.17,0,0,0
12/02/2020,7.17,0,7.17,7.17,7.17,0,0,0
11/02/2020,7.17,0,7.17,7.17,7.17,0,0,0
10/02/2020,7.17,0,7.17,7.17,7.17,0,0,0
07/02/2020,9.08,"3,900",7.09,9.08,7.09,0,0,0
06/02/2020,6.53,0,6.53,6.53,6.53,0,0,0
05/02/2020,6.53,0,6.53,6.53,6.53,0,0,0
04/02/2020,6.53,0,6.53,6.53,6.53,0,0,0
03/02/2020,6.53,0,6.53,6.53,6.53,0,0,0
31/01/2020,6.53,0,6.53,6.53,6.53,0,0,0
30/01/2020,6.53,0,6.53,6.53,6.53,0,0,0
22/01/2020,6.53,0,6.53,6.53,6.53,0,0,0
21/01/2020,6.53,0,6.53,6.53,6.53,0,0,0
20/01/2020,6.53,0,6.53,6.53,6.53,0,0,0
17/01/2020,6.53,0,6.53,6.53,6.53,0,0,0
16/01/2020,6.53,0,6.53,6.53,6.53,0,0,0
15/01/2020,6.53,0,6.53,6.53,6.53,0,0,0
14/01/2020,6.53,0,6.53,6.53,6.53,0,0,0
13/01/2020,6.53,0,6.53,6.53,6.53,0,0,0
10/01/2020,6.53,0,6.53,6.53,6.53,0,0,0
09/01/2020,6.53,0,6.53,6.53,6.53,0,0,0
08/01/2020,6.53,0,6.53,6.53,6.53,0,0,0
07/01/2020,6.53,0,6.53,6.53,6.53,0,0,0
06/01/2020,6.53,0,6.53,6.53,6.53,0,0,0
03/01/2020,6.53,0,6.53,6.53,6.53,0,0,0
02/01/2020,6.53,0,6.53,6.53,6.53,0,0,0
31/12/2019,6.53,0,6.53,6.53,6.53,0,0,0
30/12/2019,6.53,0,6.53,6.53,6.53,0,0,0
27/12/2019,6.53,0,6.53,6.53,6.53,0,0,0
26/12/2019,6.53,0,6.53,6.53,6.53,0,0,0
25/12/2019,6.53,0,6.53,6.53,6.53,0,0,0
24/12/2019,6.53,300,6.53,6.53,6.53,0,0,0
23/12/2019,7.09,0,7.09,7.09,7.09,0,0,0
20/12/2019,7.09,0,7.09,7.09,7.09,0,0,0
19/12/2019,7.09,0,7.09,7.09,7.09,0,0,0
18/12/2019,7.09,0,7.09,7.09,7.09,0,0,0
17/12/2019,7.09,200,7.09,7.09,7.09,0,0,0
16/12/2019,7.09,0,7.09,7.09,7.09,0,0,0
13/12/2019,7.09,0,7.09,7.09,7.09,0,0,0
12/12/2019,7.09,0,7.09,7.09,7.09,0,0,0
11/12/2019,7.09,0,7.09,7.09,7.09,0,0,0
10/12/2019,7.09,0,7.09,7.09,7.09,0,0,0
09/12/2019,7.09,0,7.09,7.09,7.09,0,0,0
06/12/2019,7.09,0,7.09,7.09,7.09,0,0,0
05/12/2019,7.09,0,7.09,7.09,7.09,0,0,0
04/12/2019,7.09,0,7.09,7.09,7.09,0,0,0
03/12/2019,7.09,0,7.09,7.09,7.09,0,0,0
02/12/2019,7.09,0,7.09,7.09,7.09,0,0,0
29/11/2019,7.09,0,7.09,7.09,7.09,0,0,0
28/11/2019,7.09,800,7.09,7.09,7.09,0,0,0
27/11/2019,7.09,0,7.09,7.09,7.09,0,0,0
26/11/2019,7.09,0,7.09,7.09,7.09,0,0,0
25/11/2019,7.09,0,7.09,7.09,7.09,0,0,0
22/11/2019,7.09,0,7.09,7.09,7.09,0,0,0
21/11/2019,7.09,0,7.09,7.09,7.09,0,0,0
20/11/2019,7.09,0,7.09,7.09,7.09,0,0,0
19/11/2019,7.09,0,7.09,7.09,7.09,0,0,0
18/11/2019,7.09,0,7.09,7.09,7.09,0,0,0
15/11/2019,7.09,0,7.09,7.09,7.09,0,0,0
14/11/2019,7.09,0,7.09,7.09,7.09,0,0,0
13/11/2019,7.09,0,7.09,7.09,7.09,0,0,0
12/11/2019,7.09,0,7.09,7.09,7.09,0,0,0
11/11/2019,7.09,0,7.09,7.09,7.09,0,0,0
08/11/2019,7.09,0,7.09,7.09,7.09,0,0,0
07/11/2019,7.09,0,7.09,7.09,7.09,0,0,0
06/11/2019,7.09,0,7.09,7.09,7.09,0,0,0
05/11/2019,7.09,0,7.09,7.09,7.09,0,0,0
04/11/2019,7.09,0,7.09,7.09,7.09,0,0,0
01/11/2019,7.09,0,7.09,7.09,7.09,0,0,0
31/10/2019,7.09,0,7.09,7.09,7.09,0,0,0
30/10/2019,7.09,0,7.09,7.09,7.09,0,0,0
29/10/2019,7.09,0,7.09,7.09,7.09,0,0,0
28/10/2019,7.09,0,7.09,7.09,7.09,0,0,0
25/10/2019,7.09,0,7.09,7.09,7.09,0,0,0
24/10/2019,7.09,0,7.09,7.09,7.09,0,0,0
23/10/2019,7.09,0,7.09,7.09,7.09,0,0,0
22/10/2019,7.09,0,7.09,7.09,7.09,0,0,0
21/10/2019,7.09,0,7.09,7.09,7.09,0,0,0
18/10/2019,7.09,0,7.09,7.09,7.09,0,0,0
17/10/2019,7.09,0,7.09,7.09,7.09,0,0,0
16/10/2019,7.09,0,7.09,7.09,7.09,0,0,0
15/10/2019,7.09,0,7.09,7.09,7.09,0,0,0
14/10/2019,7.09,0,7.09,7.09,7.09,0,0,0
11/10/2019,7.09,0,7.09,7.09,7.09,0,0,0
10/10/2019,7.09,100,7.09,7.09,7.09,0,0,0
09/10/2019,6.74,0,6.74,6.74,6.74,0,0,0
08/10/2019,6.74,0,6.74,6.74,6.74,0,0,0
07/10/2019,6.74,100,6.74,6.74,6.74,0,0,0
04/10/2019,6.24,100,6.24,6.24,6.24,0,0,0
03/10/2019,5.46,0,5.46,5.46,5.46,0,0,0
02/10/2019,5.46,0,5.46,5.46,5.46,0,0,0
01/10/2019,5.46,0,5.46,5.46,5.46,0,0,0
30/09/2019,5.46,30,5.46,5.46,5.46,0,0,0
27/09/2019,5.46,0,5.46,5.46,5.46,0,0,0
26/09/2019,5.46,10,5.46,5.46,5.46,0,0,0
25/09/2019,5.46,0,5.46,5.46,5.46,0,0,0
24/09/2019,5.46,0,5.46,5.46,5.46,0,0,0
23/09/2019,5.46,0,5.46,5.46,5.46,0,0,0
20/09/2019,5.46,0,5.46,5.46,5.46,0,0,0
19/09/2019,5.46,0,5.46,5.46,5.46,0,0,0
18/09/2019,5.46,0,5.46,5.46,5.46,0,0,0
17/09/2019,5.46,0,5.46,5.46,5.46,0,0,0
16/09/2019,5.46,0,5.46,5.46,5.46,0,0,0
13/09/2019,5.46,0,5.46,5.46,5.46,0,0,0
12/09/2019,5.46,0,5.46,5.46,5.46,0,0,0
11/09/2019,5.46,0,5.46,5.46,5.46,0,0,0
10/09/2019,5.46,0,5.46,5.46,5.46,0,0,0
09/09/2019,5.46,0,5.46,5.46,5.46,0,0,0
06/09/2019,5.46,0,5.46,5.46,5.46,0,0,0
05/09/2019,5.46,"2,200",5.46,5.46,5.46,0,0,0
04/09/2019,9.01,0,9.01,9.01,9.01,0,0,0
03/09/2019,9.01,0,9.01,9.01,9.01,0,0,0
30/08/2019,9.01,0,9.01,9.01,9.01,0,0,0
29/08/2019,9.01,0,9.01,9.01,9.01,0,0,0
28/08/2019,9.01,0,9.01,9.01,9.01,0,0,0
27/08/2019,9.01,0,9.01,9.01,9.01,0,0,0
26/08/2019,9.01,0,9.01,9.01,9.01,0,0,0
23/08/2019,9.01,0,9.01,9.01,9.01,0,0,0
22/08/2019,9.01,0,9.01,9.01,9.01,0,0,0
21/08/2019,9.01,0,9.01,9.01,9.01,0,0,0
20/08/2019,9.01,0,9.01,9.01,9.01,0,0,0
19/08/2019,9.01,0,9.01,9.01,9.01,0,0,0
16/08/2019,9.01,0,9.01,9.01,9.01,0,0,0
15/08/2019,9.01,0,9.01,9.01,9.01,0,0,0
14/08/2019,9.01,0,9.01,9.01,9.01,0,0,0
13/08/2019,9.01,0,9.01,9.01,9.01,0,0,0
12/08/2019,9.01,0,9.01,9.01,9.01,0,0,0
09/08/2019,9.01,0,9.01,9.01,9.01,0,0,0
08/08/2019,9.01,0,9.01,9.01,9.01,0,0,0
07/08/2019,9.01,0,9.01,9.01,9.01,0,0,0
06/08/2019,9.01,0,9.01,9.01,9.01,0,0,0
05/08/2019,9.01,0,9.01,9.01,9.01,0,0,0
02/08/2019,9.01,0,9.01,9.01,9.01,0,0,0
01/08/2019,9.01,0,9.01,9.01,9.01,0,0,0
31/07/2019,9.01,0,9.01,9.01,9.01,0,0,0
30/07/2019,9.01,0,9.01,9.01,9.01,0,0,0
29/07/2019,9.01,0,9.01,9.01,9.01,0,0,0
26/07/2019,9.01,0,9.01,9.01,9.01,0,0,0
25/07/2019,9.01,0,9.01,9.01,9.01,0,0,0
24/07/2019,9.01,0,9.01,9.01,9.01,0,0,0
23/07/2019,9.01,0,9.01,9.01,9.01,0,0,0
22/07/2019,9.01,0,9.01,9.01,9.01,0,0,0
19/07/2019,9.01,0,9.01,9.01,9.01,0,0,0
18/07/2019,9.01,0,9.01,9.01,9.01,0,0,0
17/07/2019,9.01,0,9.01,9.01,9.01,0,0,0
16/07/2019,9.01,0,9.01,9.01,9.01,0,0,0
15/07/2019,9.01,0,9.01,9.01,9.01,0,0,0
12/07/2019,9.01,0,9.01,9.01,9.01,0,0,0
11/07/2019,9.01,0,9.01,9.01,9.01,0,0,0
10/07/2019,9.01,0,9.01,9.01,9.01,0,0,0
09/07/2019,9.01,0,9.01,9.01,9.01,0,0,0
08/07/2019,9.01,0,9.01,9.01,9.01,0,0,0
05/07/2019,9.01,0,9.01,9.01,9.01,0,0,0
04/07/2019,9.01,0,9.01,9.01,9.01,0,0,0
03/07/2019: Cá» tá»©c tiá»n máº·t tá» lá»:  6%,,,,,,,,
03/07/2019,9.01,0,9.01,9.01,9.01,0,0,0
02/07/2019,9.01,0,9.01,9.01,9.01,0,0,0
01/07/2019,9.01,0,9.01,9.01,9.01,0,0,0
28/06/2019,9.01,0,9.01,9.01,9.01,0,0,0
27/06/2019,9.01,0,9.01,9.01,9.01,0,0,0
26/06/2019,9.01,0,9.01,9.01,9.01,0,0,0
25/06/2019,9.01,0,9.01,9.01,9.01,0,0,0
24/06/2019,9.01,0,9.01,9.01,9.01,0,0,0
21/06/2019,9.01,0,9.01,9.01,9.01,0,0,0
20/06/2019,9.01,0,9.01,9.01,9.01,0,0,0
19/06/2019,9.01,0,9.01,9.01,9.01,0,0,0
18/06/2019,9.01,0,9.01,9.01,9.01,0,0,0
17/06/2019,9.01,0,9.01,9.01,9.01,0,0,0
14/06/2019,9.01,0,9.01,9.01,9.01,0,0,0
13/06/2019,9.01,0,9.01,9.01,9.01,0,0,0
12/06/2019,9.01,0,9.01,9.01,9.01,0,0,0
11/06/2019,9.01,0,9.01,9.01,9.01,0,0,0
10/06/2019,9.01,0,9.01,9.01,9.01,0,0,0
07/06/2019,9.01,0,9.01,9.01,9.01,0,0,0
06/06/2019,9.01,0,9.01,9.01,9.01,0,0,0
05/06/2019,9.01,0,9.01,9.01,9.01,0,0,0
04/06/2019,9.01,0,9.01,9.01,9.01,0,0,0
03/06/2019,9.01,0,9.01,9.01,9.01,0,0,0
31/05/2019,9.01,0,9.01,9.01,9.01,0,0,0
30/05/2019,9.01,0,9.01,9.01,9.01,0,0,0
29/05/2019,9.01,0,9.01,9.01,9.01,0,0,0
28/05/2019,9.01,0,9.01,9.01,9.01,0,0,0
27/05/2019,9.01,0,9.01,9.01,9.01,0,0,0
24/05/2019,9.01,0,9.01,9.01,9.01,0,0,0
23/05/2019,9.01,0,9.01,9.01,9.01,0,0,0
22/05/2019,9.01,0,9.01,9.01,9.01,0,0,0
21/05/2019,9.01,0,9.01,9.01,9.01,0,0,0
20/05/2019,9.01,0,9.01,9.01,9.01,0,0,0
17/05/2019,9.01,0,9.01,9.01,9.01,0,0,0
16/05/2019,9.01,0,9.01,9.01,9.01,0,0,0
15/05/2019,9.01,0,9.01,9.01,9.01,0,0,0
14/05/2019,9.01,0,9.01,9.01,9.01,0,0,0
13/05/2019,9.01,0,9.01,9.01,9.01,0,0,0
10/05/2019,9.01,0,9.01,9.01,9.01,0,0,0
09/05/2019,9.01,0,9.01,9.01,9.01,0,0,0
08/05/2019,9.01,0,9.01,9.01,9.01,0,0,0
07/05/2019,9.01,0,9.01,9.01,9.01,0,0,0
06/05/2019,9.01,0,9.01,9.01,9.01,0,0,0
03/05/2019,9.01,0,9.01,9.01,9.01,0,0,0
02/05/2019,9.01,100,9.01,9.01,9.01,0,100,-0.0
26/04/2019,9.01,0,9.01,9.01,9.01,0,0,0
25/04/2019,9.01,0,9.01,9.01,9.01,0,0,0
24/04/2019,9.01,0,9.01,9.01,9.01,0,0,0
23/04/2019,9.01,0,9.01,9.01,9.01,0,0,0
22/04/2019,9.01,100,9.01,9.01,9.01,0,0,0
19/04/2019,7.86,0,7.86,7.86,7.86,0,0,0
18/04/2019,7.86,0,7.86,7.86,7.86,0,0,0
17/04/2019,7.86,0,7.86,7.86,7.86,0,0,0
16/04/2019,7.86,0,7.86,7.86,7.86,0,0,0
12/04/2019,7.86,0,7.86,7.86,7.86,0,0,0
11/04/2019,7.86,0,7.86,7.86,7.86,0,0,0
10/04/2019,7.86,0,7.86,7.86,7.86,0,0,0
09/04/2019,7.86,0,7.86,7.86,7.86,0,0,0
08/04/2019,7.86,0,7.86,7.86,7.86,0,0,0
05/04/2019,7.79,"4,900",7.86,7.86,7.79,0,0,0
04/04/2019,7.72,"6,000",7.86,7.86,7.72,0,0,0
03/04/2019,7.66,"4,000",7.72,7.72,7.66,0,0,0
02/04/2019,7.66,"5,000",7.72,7.72,7.66,0,0,0
01/04/2019,7.79,"6,100",7.45,7.79,7.45,0,0,0
29/03/2019,8.67,0,8.67,8.67,8.67,0,0,0
28/03/2019,8.67,0,8.67,8.67,8.67,0,0,0
27/03/2019,8.67,0,8.67,8.67,8.67,0,0,0
26/03/2019,8.67,0,8.67,8.67,8.67,0,0,0
25/03/2019,8.67,0,8.67,8.67,8.67,0,0,0
22/03/2019,8.67,0,8.67,8.67,8.67,0,0,0
21/03/2019,8.67,0,8.67,8.67,8.67,0,0,0
20/03/2019,8.67,0,8.67,8.67,8.67,0,0,0
19/03/2019,8.67,0,8.67,8.67,8.67,0,0,0
18/03/2019,8.67,0,8.67,8.67,8.67,0,0,0
15/03/2019,8.67,0,8.67,8.67,8.67,0,0,0
14/03/2019,8.67,0,8.67,8.67,8.67,0,0,0
13/03/2019,8.67,"25,300",8.67,8.74,8.67,0,0,0
12/03/2019,10.16,100,10.16,10.16,10.16,100,0,0.0
11/03/2019,9.21,0,9.21,9.21,9.21,0,0,0
08/03/2019,9.21,0,9.21,9.21,9.21,0,0,0
07/03/2019,9.21,0,9.21,9.21,9.21,0,0,0
06/03/2019,9.21,0,9.21,9.21,9.21,0,0,0
05/03/2019,9.21,0,9.21,9.21,9.21,0,0,0
04/03/2019,9.21,0,9.21,9.21,9.21,0,0,0
01/03/2019,9.21,0,9.21,9.21,9.21,0,0,0
28/02/2019,9.21,0,9.21,9.21,9.21,0,0,0
27/02/2019,9.21,100,9.21,9.21,9.21,0,0,0
26/02/2019,6.84,0,6.84,6.84,6.84,0,0,0
25/02/2019,6.84,0,6.84,6.84,6.84,0,0,0
22/02/2019,6.84,0,6.84,6.84,6.84,0,0,0
21/02/2019,6.84,0,6.84,6.84,6.84,0,0,0
20/02/2019,6.84,0,6.84,6.84,6.84,0,0,0
19/02/2019,6.84,0,6.84,6.84,6.84,0,0,0
18/02/2019,6.84,0,6.84,6.84,6.84,0,0,0
15/02/2019,6.84,0,6.84,6.84,6.84,0,0,0
14/02/2019,6.84,0,6.84,6.84,6.84,0,0,0
13/02/2019,6.84,0,6.84,6.84,6.84,0,0,0
12/02/2019,6.84,0,6.84,6.84,6.84,0,0,0
11/02/2019,6.84,0,6.84,6.84,6.84,0,0,0
01/02/2019,6.84,0,6.84,6.84,6.84,0,0,0
31/01/2019,6.84,0,6.84,6.84,6.84,0,0,0
30/01/2019,6.84,0,6.84,6.84,6.84,0,0,0
29/01/2019,6.84,0,6.84,6.84,6.84,0,0,0
28/01/2019,6.84,0,6.84,6.84,6.84,0,0,0
25/01/2019,6.84,0,6.84,6.84,6.84,0,0,0
24/01/2019,6.84,0,6.84,6.84,6.84,0,0,0
23/01/2019,6.84,0,6.84,6.84,6.84,0,0,0
22/01/2019,6.84,0,6.84,6.84,6.84,0,0,0
21/01/2019,6.84,0,6.84,6.84,6.84,0,0,0
18/01/2019,6.84,0,6.84,6.84,6.84,0,0,0
17/01/2019,6.84,0,6.84,6.84,6.84,0,0,0
16/01/2019,6.84,0,6.84,6.84,6.84,0,0,0
15/01/2019,6.84,0,6.84,6.84,6.84,0,0,0
14/01/2019,6.84,0,6.84,6.84,6.84,0,0,0
11/01/2019,6.84,0,6.84,6.84,6.84,0,0,0
10/01/2019,6.84,0,6.84,6.84,6.84,0,0,0
09/01/2019,6.84,0,6.84,6.84,6.84,0,0,0
08/01/2019,6.84,0,6.84,6.84,6.84,0,0,0
07/01/2019,6.84,0,6.84,6.84,6.84,0,0,0
04/01/2019,6.84,0,6.84,6.84,6.84,0,0,0
03/01/2019,6.84,0,6.84,6.84,6.84,0,0,0
02/01/2019,6.84,0,6.84,6.84,6.84,0,0,0
28/12/2018,6.84,0,6.84,6.84,6.84,0,0,0
27/12/2018,6.84,0,6.84,6.84,6.84,0,0,0
26/12/2018,6.84,0,6.84,6.84,6.84,0,0,0
25/12/2018,6.84,0,6.84,6.84,6.84,0,0,0
24/12/2018,6.84,0,6.84,6.84,6.84,0,0,0
21/12/2018,6.84,0,6.84,6.84,6.84,0,0,0
20/12/2018,6.84,0,6.84,6.84,6.84,0,0,0
19/12/2018,6.84,0,6.84,6.84,6.84,0,0,0
18/12/2018,6.84,0,6.84,6.84,6.84,0,0,0
17/12/2018,6.84,0,6.84,6.84,6.84,0,0,0
14/12/2018,6.84,0,6.84,6.84,6.84,0,0,0
13/12/2018,6.84,"2,400",6.84,6.84,6.84,0,0,0
12/12/2018,6.84,0,6.84,6.84,6.84,0,0,0
11/12/2018,6.84,0,6.84,6.84,6.84,0,0,0
10/12/2018,6.84,0,6.84,6.84,6.84,0,0,0
07/12/2018,6.84,0,6.84,6.84,6.84,0,0,0
06/12/2018,6.84,0,6.84,6.84,6.84,0,0,0
05/12/2018,6.84,0,6.84,6.84,6.84,0,0,0
04/12/2018,6.84,0,6.84,6.84,6.84,0,0,0
03/12/2018,6.84,0,6.84,6.84,6.84,0,0,0
30/11/2018,6.84,0,6.84,6.84,6.84,0,0,0
29/11/2018,6.84,0,6.84,6.84,6.84,0,0,0
28/11/2018,6.84,"16,900",6.77,6.84,6.77,0,0,0
27/11/2018,6.84,0,6.84,6.84,6.84,0,0,0
26/11/2018,6.84,0,6.84,6.84,6.84,0,0,0
23/11/2018,6.84,0,6.84,6.84,6.84,0,0,0
22/11/2018,6.84,0,6.84,6.84,6.84,0,0,0
21/11/2018,6.84,0,6.84,6.84,6.84,0,0,0
20/11/2018,6.84,0,6.84,6.84,6.84,0,0,0
19/11/2018,6.84,0,6.84,6.84,6.84,0,0,0
16/11/2018,6.84,0,6.84,6.84,6.84,0,0,0
15/11/2018,6.84,0,6.84,6.84,6.84,0,0,0
14/11/2018,6.84,0,6.84,6.84,6.84,0,0,0
13/11/2018,6.84,0,6.84,6.84,6.84,0,0,0
12/11/2018,6.84,0,6.84,6.84,6.84,0,0,0
09/11/2018,6.84,0,6.84,6.84,6.84,0,0,0
08/11/2018,6.84,0,6.84,6.84,6.84,0,0,0
07/11/2018,6.84,0,6.84,6.84,6.84,0,0,0
06/11/2018,6.84,0,6.84,6.84,6.84,0,0,0
05/11/2018,6.84,0,6.84,6.84,6.84,0,0,0
02/11/2018,6.84,0,6.84,6.84,6.84,0,0,0
01/11/2018,6.84,0,6.84,6.84,6.84,0,0,0
31/10/2018,6.84,0,6.84,6.84,6.84,0,0,0
30/10/2018,6.84,0,6.84,6.84,6.84,0,0,0
29/10/2018,6.84,0,6.84,6.84,6.84,0,0,0
26/10/2018,6.84,0,6.84,6.84,6.84,0,0,0
25/10/2018,6.84,0,6.84,6.84,6.84,0,0,0
24/10/2018,6.84,0,6.84,6.84,6.84,0,0,0
23/10/2018,6.84,0,6.84,6.84,6.84,0,0,0
22/10/2018,6.84,0,6.84,6.84,6.84,0,0,0
19/10/2018,6.84,0,6.84,6.84,6.84,0,0,0
18/10/2018,6.84,0,6.84,6.84,6.84,0,0,0
17/10/2018,6.84,0,6.84,6.84,6.84,0,0,0
16/10/2018,6.84,0,6.84,6.84,6.84,0,0,0
15/10/2018,6.84,"3,400",6.84,6.84,6.84,0,0,0
12/10/2018,6.77,0,6.77,6.77,6.77,0,0,0
11/10/2018,6.77,0,6.77,6.77,6.77,0,0,0
10/10/2018,6.77,0,6.77,6.77,6.77,0,0,0
09/10/2018,6.77,0,6.77,6.77,6.77,0,0,0
08/10/2018,6.77,0,6.77,6.77,6.77,0,0,0
05/10/2018,6.77,0,6.77,6.77,6.77,0,0,0
04/10/2018,6.77,0,6.77,6.77,6.77,0,0,0
03/10/2018,6.77,0,6.77,6.77,6.77,0,0,0
02/10/2018,6.77,100,6.77,6.77,6.77,0,0,0
01/10/2018,6.77,"4,500",6.77,6.77,6.77,0,0,0
28/09/2018,7.86,0,7.86,7.86,7.86,0,0,0
27/09/2018,7.86,0,7.86,7.86,7.86,0,0,0
26/09/2018,7.86,0,7.86,7.86,7.86,0,0,0
25/09/2018,7.86,0,7.86,7.86,7.86,0,0,0
24/09/2018,7.86,0,7.86,7.86,7.86,0,0,0
21/09/2018,7.86,0,7.86,7.86,7.86,0,0,0
20/09/2018,7.86,0,7.86,7.86,7.86,0,0,0
19/09/2018,7.86,0,7.86,7.86,7.86,0,0,0
18/09/2018,7.86,0,7.86,7.86,7.86,0,0,0
17/09/2018,7.86,0,7.86,7.86,7.86,0,0,0
14/09/2018,7.86,"1,000",7.86,7.86,7.86,0,0,0
13/09/2018,6.84,0,6.84,6.84,6.84,0,0,0
12/09/2018,6.84,0,6.84,6.84,6.84,0,0,0
11/09/2018,6.84,0,6.84,6.84,6.84,0,0,0
10/09/2018,6.84,0,6.84,6.84,6.84,0,0,0
07/09/2018,6.84,0,6.84,6.84,6.84,0,0,0
06/09/2018,6.84,0,6.84,6.84,6.84,0,0,0
05/09/2018,6.84,0,6.84,6.84,6.84,0,0,0
04/09/2018,6.84,0,6.84,6.84,6.84,0,0,0
31/08/2018,6.84,"2,200",6.84,6.84,6.84,0,0,0
30/08/2018,7.99,0,7.99,7.99,7.99,0,0,0
29/08/2018,7.99,0,7.99,7.99,7.99,0,0,0
28/08/2018,7.99,0,7.99,7.99,7.99,0,0,0
27/08/2018,7.99,0,7.99,7.99,7.99,0,0,0
24/08/2018,7.99,0,7.99,7.99,7.99,0,0,0
23/08/2018,7.99,0,7.99,7.99,7.99,0,0,0
22/08/2018,7.99,0,7.99,7.99,7.99,0,0,0
21/08/2018,7.99,0,7.99,7.99,7.99,0,0,0
20/08/2018,7.99,0,7.99,7.99,7.99,0,0,0
17/08/2018,7.99,0,7.99,7.99,7.99,0,0,0
16/08/2018,7.99,0,7.99,7.99,7.99,0,0,0
15/08/2018,7.99,0,7.99,7.99,7.99,0,0,0
14/08/2018,7.99,0,7.99,7.99,7.99,0,0,0
13/08/2018,7.99,0,7.99,7.99,7.99,0,0,0
10/08/2018,7.99,0,7.99,7.99,7.99,0,0,0
09/08/2018,7.99,0,7.99,7.99,7.99,0,0,0
08/08/2018,7.99,0,7.99,7.99,7.99,0,0,0
07/08/2018,7.99,0,7.99,7.99,7.99,0,0,0
06/08/2018,7.99,0,7.99,7.99,7.99,0,0,0
03/08/2018,7.99,0,7.99,7.99,7.99,0,0,0
02/08/2018,7.99,0,7.99,7.99,7.99,0,0,0
01/08/2018,7.99,0,7.99,7.99,7.99,0,0,0
31/07/2018,7.99,0,7.99,7.99,7.99,0,0,0
30/07/2018,7.99,0,7.99,7.99,7.99,0,0,0
27/07/2018,7.99,0,7.99,7.99,7.99,0,0,0
26/07/2018,7.99,0,7.99,7.99,7.99,0,0,0
25/07/2018,7.99,200,7.99,7.99,7.99,0,0,0
24/07/2018,9.35,0,9.35,9.35,9.35,0,0,0
23/07/2018,9.35,0,9.35,9.35,9.35,0,0,0
20/07/2018,9.35,0,9.35,9.35,9.35,0,0,0
19/07/2018,9.35,0,9.35,9.35,9.35,0,0,0
18/07/2018,9.35,0,9.35,9.35,9.35,0,0,0
17/07/2018,9.35,0,9.35,9.35,9.35,0,0,0
16/07/2018,9.35,0,9.35,9.35,9.35,0,0,0
13/07/2018,9.35,0,9.35,9.35,9.35,0,0,0
12/07/2018,9.35,0,9.35,9.35,9.35,0,0,0
11/07/2018,9.35,0,9.35,9.35,9.35,0,0,0
10/07/2018,9.35,0,9.35,9.35,9.35,0,0,0
09/07/2018,9.35,0,9.35,9.35,9.35,0,0,0
06/07/2018,9.35,0,9.35,9.35,9.35,0,0,0
05/07/2018,9.35,0,9.35,9.35,9.35,0,0,0
04/07/2018,9.35,0,9.35,9.35,9.35,0,0,0
03/07/2018,9.35,0,9.35,9.35,9.35,0,0,0
02/07/2018,9.35,0,9.35,9.35,9.35,0,0,0
29/06/2018,9.35,200,9.35,9.35,9.35,0,0,0
28/06/2018,8.13,240,8.13,8.13,8.13,0,0,0
27/06/2018,6.44,0,7.32,7.32,7.32,0,0,0
26/06/2018,6.44,"1,100",7.38,7.38,6.44,0,0,0
25/06/2018,6.44,0,6.44,6.44,6.44,0,0,0
22/06/2018,6.44,0,6.44,6.44,6.44,0,0,0
21/06/2018,6.44,0,6.44,6.44,6.44,0,0,0
20/06/2018,6.44,0,6.44,6.44,6.44,0,0,0
19/06/2018,6.44,200,6.44,6.44,6.44,0,0,0
18/06/2018,6.23,300,6.23,6.23,6.23,0,0,0
15/06/2018,6.23,"4,000",6.10,6.23,6.10,0,0,0
14/06/2018,5.42,0,5.42,5.42,5.42,0,0,0
13/06/2018,5.42,0,5.42,5.42,5.42,0,0,0
12/06/2018,5.42,100,5.42,5.42,5.42,0,0,0
11/06/2018,5.35,40,5.35,5.35,5.35,0,0,0
08/06/2018,5.35,0,5.35,5.35,5.35,0,0,0
07/06/2018,5.35,0,5.35,5.35,5.35,0,0,0
06/06/2018: Cá» tá»©c tiá»n máº·t tá» lá»:  6%,,,,,,,,
06/06/2018,5.35,0,5.35,5.35,5.35,0,0,0
05/06/2018,5.35,0,5.35,5.35,5.35,0,0,0
04/06/2018,5.35,0,5.35,5.35,5.35,0,0,0
01/06/2018,5.35,0,5.35,5.35,5.35,0,0,0
31/05/2018,5.35,0,5.35,5.35,5.35,0,0,0
30/05/2018,5.35,0,5.35,5.35,5.35,0,0,0
29/05/2018,5.35,0,5.35,5.35,5.35,0,0,0
28/05/2018,5.35,0,5.35,5.35,5.35,0,0,0
25/05/2018,5.35,0,5.35,5.35,5.35,0,0,0
24/05/2018,5.35,0,5.35,5.35,5.35,0,0,0
23/05/2018,5.35,0,5.35,5.35,5.35,0,0,0
22/05/2018,5.35,0,5.35,5.35,5.35,0,0,0
21/05/2018,5.35,0,5.35,5.35,5.35,0,0,0
18/05/2018,5.35,0,5.35,5.35,5.35,0,0,0
17/05/2018,5.35,0,5.35,5.35,5.35,0,0,0
16/05/2018,5.35,0,5.35,5.35,5.35,0,0,0
15/05/2018,5.35,0,5.35,5.35,5.35,0,0,0
14/05/2018,5.35,0,5.35,5.35,5.35,0,0,0
11/05/2018,5.35,0,5.35,5.35,5.35,0,0,0
10/05/2018,5.35,0,5.35,5.35,5.35,0,0,0
09/05/2018,5.35,0,5.35,5.35,5.35,0,0,0
08/05/2018,5.35,0,5.35,5.35,5.35,0,0,0
07/05/2018,5.35,"2,000",5.35,5.35,5.35,0,0,0
04/05/2018,6.30,0,6.30,6.30,6.30,0,0,0
03/05/2018,6.30,0,6.30,6.30,6.30,0,0,0
02/05/2018,6.30,0,6.30,6.30,6.30,0,0,0
27/04/2018,6.30,0,6.30,6.30,6.30,0,0,0
26/04/2018,6.30,0,6.30,6.30,6.30,0,0,0
24/04/2018,6.30,0,6.30,6.30,6.30,0,0,0
23/04/2018,6.30,0,6.30,6.30,6.30,0,0,0
20/04/2018,6.30,0,6.30,6.30,6.30,0,0,0
19/04/2018,6.30,0,6.30,6.30,6.30,0,0,0
18/04/2018,6.30,0,6.30,6.30,6.30,0,0,0
17/04/2018,6.30,40,6.30,6.30,6.30,0,0,0
16/04/2018,6.30,0,6.30,6.30,6.30,0,0,0
13/04/2018,6.30,0,6.30,6.30,6.30,0,0,0
12/04/2018,6.30,0,6.30,6.30,6.30,0,0,0
11/04/2018,6.30,0,6.30,6.30,6.30,0,0,0
10/04/2018,6.30,0,6.30,6.30,6.30,0,0,0
09/04/2018,6.30,0,6.30,6.30,6.30,0,0,0
06/04/2018,6.30,0,6.30,6.30,6.30,0,0,0
05/04/2018,6.30,0,6.30,6.30,6.30,0,0,0
04/04/2018,6.30,0,6.30,6.30,6.30,0,0,0
03/04/2018,6.30,0,6.30,6.30,6.30,0,0,0
02/04/2018,6.30,0,6.30,6.30,6.30,0,0,0
30/03/2018,6.30,0,6.30,6.30,6.30,0,0,0
29/03/2018,6.30,100,6.30,6.30,6.30,0,0,0
28/03/2018,6.74,0,6.74,6.74,6.74,0,0,0
27/03/2018,6.74,0,6.74,6.74,6.74,0,0,0
26/03/2018,6.74,"50,000",6.74,6.74,6.74,0,0,0
23/03/2018,7.24,0,7.24,7.24,7.24,0,0,0
22/03/2018,7.24,0,7.24,7.24,7.24,0,0,0
21/03/2018,7.24,0,7.24,7.24,7.24,0,0,0
20/03/2018,7.24,0,7.24,7.24,7.24,0,0,0
19/03/2018,7.24,0,7.24,7.24,7.24,0,0,0
16/03/2018,7.24,0,7.24,7.24,7.24,0,0,0
15/03/2018,7.24,0,7.24,7.24,7.24,0,0,0
14/03/2018,7.24,0,7.24,7.24,7.24,0,0,0
13/03/2018,7.24,0,7.24,7.24,7.24,0,0,0
12/03/2018,7.24,0,7.24,7.24,7.24,0,0,0
09/03/2018,7.24,0,7.24,7.24,7.24,0,0,0
08/03/2018,7.24,0,7.24,7.24,7.24,0,0,0
07/03/2018,7.24,0,7.24,7.24,7.24,0,0,0
06/03/2018,7.24,0,7.24,7.24,7.24,0,0,0
05/03/2018,7.24,0,7.24,7.24,7.24,0,0,0
02/03/2018,7.24,0,7.24,7.24,7.24,0,0,0
01/03/2018,7.24,0,7.24,7.24,7.24,0,0,0
28/02/2018,7.24,0,7.24,7.24,7.24,0,0,0
27/02/2018,7.24,0,7.24,7.24,7.24,0,0,0
26/02/2018,7.24,0,7.24,7.24,7.24,0,0,0
23/02/2018,7.24,0,7.24,7.24,7.24,0,0,0
22/02/2018,7.24,0,7.24,7.24,7.24,0,0,0
21/02/2018,7.24,0,7.24,7.24,7.24,0,0,0
13/02/2018,7.24,0,7.24,7.24,7.24,0,0,0
12/02/2018,7.24,0,7.24,7.24,7.24,0,0,0
09/02/2018,7.24,0,7.24,7.24,7.24,0,0,0
08/02/2018,7.24,0,7.24,7.24,7.24,0,0,0
07/02/2018,7.24,0,7.24,7.24,7.24,0,0,0
06/02/2018,7.24,0,7.24,7.24,7.24,0,0,0
05/02/2018,7.24,0,7.24,7.24,7.24,0,0,0
02/02/2018,7.24,0,7.24,7.24,7.24,0,0,0
01/02/2018,7.24,10,7.24,7.24,7.24,0,0,0
31/01/2018,7.24,0,7.24,7.24,7.24,0,0,0
30/01/2018,7.24,0,7.24,7.24,7.24,0,0,0
29/01/2018,7.24,0,7.24,7.24,7.24,0,0,0
26/01/2018,7.24,0,7.24,7.24,7.24,0,0,0
25/01/2018,7.24,0,7.24,7.24,7.24,0,0,0
24/01/2018,7.24,70,7.24,7.24,7.24,0,0,0
23/01/2018,7.24,0,7.24,7.24,7.24,0,0,0
22/01/2018,7.24,0,7.24,7.24,7.24,0,0,0
19/01/2018,7.24,0,7.24,7.24,7.24,0,0,0
18/01/2018,7.24,0,7.24,7.24,7.24,0,0,0
17/01/2018,7.24,0,7.24,7.24,7.24,0,0,0
16/01/2018,7.24,0,7.24,7.24,7.24,0,0,0
15/01/2018,7.24,0,7.24,7.24,7.24,0,0,0
12/01/2018,7.24,0,7.24,7.24,7.24,0,0,0
11/01/2018,7.24,0,7.24,7.24,7.24,0,0,0
10/01/2018,7.24,0,7.24,7.24,7.24,0,0,0
09/01/2018,7.24,0,7.24,7.24,7.24,0,0,0
08/01/2018,7.24,0,7.24,7.24,7.24,0,0,0
05/01/2018,7.24,0,7.24,7.24,7.24,0,0,0
04/01/2018,7.24,0,7.24,7.24,7.24,0,0,0
03/01/2018,7.24,0,7.24,7.24,7.24,0,0,0
02/01/2018,7.24,0,7.24,7.24,7.24,0,0,0
29/12/2017,7.24,500,7.24,7.24,7.24,0,0,0
28/12/2017,6.30,0,6.30,6.30,6.30,0,0,0
27/12/2017,6.30,0,6.30,6.30,6.30,0,0,0
26/12/2017,6.30,0,6.30,6.30,6.30,0,0,0
25/12/2017,6.30,0,6.30,6.30,6.30,0,0,0
22/12/2017,6.30,0,6.30,6.30,6.30,0,0,0
21/12/2017,6.30,0,6.30,6.30,6.30,0,0,0
20/12/2017,6.30,0,6.30,6.30,6.30,0,0,0
19/12/2017,6.30,0,6.30,6.30,6.30,0,0,0
18/12/2017,6.30,0,6.30,6.30,6.30,0,0,0
15/12/2017,6.30,0,6.30,6.30,6.30,0,0,0
14/12/2017,6.30,0,6.30,6.30,6.30,0,0,0
13/12/2017,6.30,0,6.30,6.30,6.30,0,0,0
12/12/2017,6.30,0,6.30,6.30,6.30,0,0,0
11/12/2017,6.30,0,6.30,6.30,6.30,0,0,0
08/12/2017,6.30,0,6.30,6.30,6.30,0,0,0
07/12/2017,6.30,0,6.30,6.30,6.30,0,0,0
06/12/2017,6.30,0,6.30,6.30,6.30,0,0,0
05/12/2017,6.30,0,6.30,6.30,6.30,0,0,0
04/12/2017,6.30,0,6.30,6.30,6.30,0,0,0
01/12/2017,6.30,70,6.30,6.30,6.30,0,0,0
30/11/2017,6.30,0,6.30,6.30,6.30,0,0,0
29/11/2017,6.30,"1,120",6.30,6.30,6.30,0,0,0
28/11/2017,6.49,0,6.49,6.49,6.49,0,0,0
27/11/2017,6.49,0,6.49,6.49,6.49,0,0,0
24/11/2017,6.49,0,6.49,6.49,6.49,0,0,0
23/11/2017,6.49,0,6.49,6.49,6.49,0,0,0
22/11/2017,6.49,0,6.49,6.49,6.49,0,0,0
21/11/2017,6.49,0,6.49,6.49,6.49,0,0,0
20/11/2017,6.61,200,6.30,6.61,6.30,0,0,0
17/11/2017,6.61,0,6.61,6.61,6.61,0,0,0
16/11/2017,6.61,0,6.61,6.61,6.61,0,0,0
15/11/2017,6.61,0,6.61,6.61,6.61,0,0,0
14/11/2017,6.61,0,6.61,6.61,6.61,0,0,0
13/11/2017,6.61,"1,290",6.61,6.61,6.61,0,0,0
10/11/2017,6.61,"1,700",5.10,6.61,5.10,0,0,0
09/11/2017,5.98,0,5.98,5.98,5.98,0,0,0
08/11/2017,6.93,"3,200",5.29,6.93,5.29,0,0,0
07/11/2017,5.67,"3,300",6.17,6.17,5.67,0,0,0
06/11/2017,6.49,0,6.49,6.49,6.49,0,0,0
03/11/2017,6.49,0,6.49,6.49,6.49,0,0,0
02/11/2017,6.49,0,6.49,6.49,6.49,0,0,0
01/11/2017,6.49,"1,000",6.49,6.49,6.49,0,0,0
31/10/2017,7.62,0,7.62,7.62,7.62,0,0,0
30/10/2017,7.56,800,6.74,7.87,6.74,0,0,0
27/10/2017,7.87,0,7.87,7.87,7.87,0,0,0
26/10/2017,7.87,0,7.87,7.87,7.87,0,0,0
25/10/2017,7.87,0,7.87,7.87,7.87,0,0,0
24/10/2017,7.87,0,7.87,7.87,7.87,0,0,0
23/10/2017,7.87,0,7.87,7.87,7.87,0,0,0
20/10/2017,7.87,0,7.87,7.87,7.87,0,0,0
19/10/2017,7.87,0,7.87,7.87,7.87,0,0,0
18/10/2017,7.81,"2,800",7.87,7.87,7.81,0,0,0
17/10/2017,7.81,0,7.81,7.81,7.81,0,0,0
16/10/2017,7.81,0,7.81,7.81,7.81,0,0,0
13/10/2017,7.81,0,7.81,7.81,7.81,0,0,0
12/10/2017,7.81,0,7.81,7.81,7.81,0,0,0
11/10/2017,7.81,0,7.81,7.81,7.81,0,0,0
10/10/2017,7.81,0,7.81,7.81,7.81,0,0,0
09/10/2017,7.81,0,7.81,7.81,7.81,0,0,0
06/10/2017,7.81,800,7.81,7.81,7.81,0,0,0
05/10/2017,7.56,0,7.56,7.56,7.56,0,0,0
04/10/2017,7.56,0,7.56,7.56,7.56,0,0,0
03/10/2017,7.56,0,7.56,7.56,7.56,0,0,0
02/10/2017,7.56,0,7.56,7.56,7.56,0,0,0
29/09/2017,7.56,100,7.56,7.56,7.56,0,0,0
28/09/2017,6.99,100,6.99,6.99,6.99,0,0,0
27/09/2017,6.36,100,6.36,6.36,6.36,0,0,0
26/09/2017,6.23,100,6.23,6.23,6.23,0,0,0
25/09/2017,5.48,0,5.48,5.48,5.48,0,0,0
22/09/2017,5.48,0,5.48,5.48,5.48,0,0,0
21/09/2017,5.48,0,5.48,5.48,5.48,0,0,0
20/09/2017,5.48,"1,900",5.48,5.48,5.48,0,0,0
19/09/2017,5.04,0,5.04,5.04,5.04,0,0,0
18/09/2017,5.04,0,5.04,5.04,5.04,0,0,0
15/09/2017,5.04,0,5.04,5.04,5.04,0,0,0
14/09/2017,5.04,0,5.04,5.04,5.04,0,0,0
13/09/2017,5.04,0,5.04,5.04,5.04,0,0,0
12/09/2017,5.04,0,5.04,5.04,5.04,0,0,0
11/09/2017,5.04,0,5.04,5.04,5.04,0,0,0
08/09/2017,5.04,"2,000",5.04,5.04,5.04,0,0,0
07/09/2017,5.54,100,5.54,5.54,5.54,0,0,0
06/09/2017,5.41,100,5.10,5.41,5.41,0,0,0
05/09/2017,5.41,"2,000",5.41,5.41,5.41,0,0,0
01/09/2017,5.60,100,5.60,5.60,5.60,0,0,0
31/08/2017,5.04,0,5.04,5.04,5.04,0,0,0
30/08/2017,5.04,0,5.04,5.04,5.04,0,0,0
29/08/2017,5.04,"26,500",5.04,5.04,5.04,0,0,0
28/08/2017,5.60,0,5.60,5.60,5.60,0,0,0
25/08/2017,5.60,0,5.60,5.60,5.60,0,0,0
24/08/2017,5.60,0,5.60,5.60,5.60,0,0,0
23/08/2017,5.60,0,5.60,5.60,5.60,0,0,0
22/08/2017,5.60,0,5.60,5.60,5.60,0,0,0
21/08/2017,5.60,0,5.60,5.60,5.60,0,0,0
18/08/2017,5.60,100,5.60,5.60,5.60,0,0,0
17/08/2017,4.97,0,4.97,4.97,4.97,0,0,0
16/08/2017,4.97,0,4.97,4.97,4.97,0,0,0
15/08/2017,4.97,0,4.97,4.97,4.97,0,0,0
14/08/2017,4.97,0,4.97,4.97,4.97,0,0,0
11/08/2017,4.53,"1,100",5.04,5.04,4.53,0,0,0
10/08/2017,4.85,"1,400",5.35,5.35,4.85,0,0,0
09/08/2017,5.67,0,5.67,5.67,5.67,0,0,0
08/08/2017,5.67,100,5.67,5.67,5.67,0,0,0
07/08/2017,5.04,0,5.04,5.04,5.04,0,0,0
04/08/2017,5.04,0,5.04,5.04,5.04,0,0,0
03/08/2017,5.04,"5,500",5.10,5.23,5.04,0,0,0
02/08/2017,5.16,300,5.67,5.67,5.16,0,0,0
01/08/2017,5.79,200,5.79,5.79,5.79,0,0,0
31/07/2017,5.16,"2,500",5.16,5.16,5.16,0,0,0
28/07/2017,6.04,100,6.04,6.04,6.04,0,0,0
27/07/2017,6.11,600,4.79,6.11,4.79,0,0,0
26/07/2017,5.67,"2,000",5.29,5.67,5.29,0,0,0
25/07/2017,5.29,200,5.29,5.29,5.29,0,0,0
24/07/2017,5.10,"3,110",5.35,5.41,5.10,0,0,0
21/07/2017,6.93,"1,000",5.67,6.93,5.67,0,0,0
20/07/2017,6.49,"3,200",8.12,8.12,6.49,0,0,0
19/07/2017,7.62,500,7.62,7.62,7.62,0,0,0
18/07/2017,7.56,"2,300",9.32,9.32,7.56,0,0,0
17/07/2017,9.13,"15,400",9.13,9.13,6.61,0,0,0
30/11/-0001,20.78,0,20.78,20.78,20.78,0,0,0
